Zona;Seção;Local de votação;Endereço;Votos 2016;Votos válidos 2016;% válidos 2016;Participação (%) 2016;Índice 2016;Votos 2020;Votos válidos 2020;% válidos 2020;Participação (%) 2020;Índice 2020;Votos 2024;Votos válidos 2024;% válidos 2024;Participação (%) 2024;Índice 2024;Votos 2026;Votos válidos 2026;% válidos 2026;Participação (%) 2026;Índice 2026;Variação da participação 2016→2026 (p.p.);Situação
46;1;ESCOLA MUNICIPAL ACÁCIO PEDROSO;RUA TRAIRA, 305;105;260;40,38;0,1805;0,961;147;450;32,67;0,2849;0,832;76;228;33,33;0,1591;1,023;68;225;30,22;0,1574;1,060;-0,0231;Comparável
46;3;ESCOLA MUNICIPAL ACÁCIO PEDROSO;RUA TRAIRA, 305;94;251;37,45;0,1616;0,891;;;;;;63;231;27,27;0,1319;0,837;69;215;32,09;0,1597;1,126;-0,0019;Comparável
46;5;COLÉGIO ESTADUAL ALMIRANTE TAMANDARE;RUA HELENO SCHIMMELPFENG, 460;80;180;44,44;0,1375;1,058;95;186;51,08;0,1841;1,301;59;198;29,80;0,1235;0,914;52;211;24,64;0,1203;0,864;-0,0172;Comparável
46;6;COLÉGIO ESTADUAL ALMIRANTE TAMANDARE;RUA HELENO SCHIMMELPFENG, 460;98;189;51,85;0,1685;1,234;204;382;53,40;0,3954;1,360;63;216;29,17;0,1319;0,895;69;216;31,94;0,1597;1,121;-0,0088;Comparável
46;7;COLÉGIO ESTADUAL ALMIRANTE TAMANDARE;RUA HELENO SCHIMMELPFENG, 460;95;184;51,63;0,1633;1,229;;;;;;64;205;31,22;0,1340;0,958;66;229;28,82;0,1527;1,011;-0,0106;Comparável
46;8;COLÉGIO ESTADUAL ALMIRANTE TAMANDARE;RUA HELENO SCHIMMELPFENG, 460;101;184;54,89;0,1736;1,306;173;364;47,53;0,3353;1,210;68;211;32,23;0,1423;0,989;70;228;30,70;0,1620;1,077;-0,0116;Comparável
46;9;COLÉGIO ESTADUAL ALMIRANTE TAMANDARE;RUA HELENO SCHIMMELPFENG, 460;92;181;50,83;0,1582;1,210;;;;;;71;213;33,33;0,1486;1,023;60;222;27,03;0,1389;0,948;-0,0193;Comparável
46;10;COLÉGIO ESTADUAL ALMIRANTE TAMANDARE;RUA HELENO SCHIMMELPFENG, 460;101;190;53,16;0,1736;1,265;181;377;48,01;0,3508;1,222;55;193;28,50;0,1151;0,875;66;219;30,14;0,1527;1,057;-0,0209;Comparável
46;11;COLÉGIO ESTADUAL ALMIRANTE TAMANDARE;RUA HELENO SCHIMMELPFENG, 460;90;189;47,62;0,1547;1,133;;;;;;58;212;27,36;0,1214;0,840;68;227;29,96;0,1574;1,051;0,0027;Comparável
46;12;COLÉGIO ESTADUAL ALMIRANTE TAMANDARE;RUA HELENO SCHIMMELPFENG, 460;97;194;50,00;0,1668;1,190;164;364;45,05;0,3179;1,147;60;195;30,77;0,1256;0,944;67;211;31,75;0,1551;1,114;-0,0117;Comparável
46;13;COLÉGIO ESTADUAL ALMIRANTE TAMANDARE;RUA HELENO SCHIMMELPFENG, 460;90;184;48,91;0,1547;1,164;;;;;;65;191;34,03;0,1361;1,044;57;208;27,40;0,1319;0,961;-0,0228;Comparável
46;14;COLÉGIO ESTADUAL ALMIRANTE TAMANDARE;RUA HELENO SCHIMMELPFENG, 460;102;190;53,68;0,1754;1,278;190;371;51,21;0,3683;1,304;64;209;30,62;0,1340;0,940;56;208;26,92;0,1296;0,944;-0,0458;Comparável
46;15;COLÉGIO ESTADUAL ALMIRANTE TAMANDARE;RUA HELENO SCHIMMELPFENG, 460;88;198;44,44;0,1513;1,058;;;;;;61;199;30,65;0,1277;0,941;55;219;25,11;0,1273;0,881;-0,0240;Comparável
46;16;COLÉGIO ESTADUAL ALMIRANTE TAMANDARE;RUA HELENO SCHIMMELPFENG, 460;80;151;52,98;0,1375;1,261;117;227;51,54;0,2268;1,312;69;225;30,67;0,1444;0,941;73;216;33,80;0,1690;1,185;0,0315;Comparável
46;30;COLÉGIO ESTADUAL BARTOLOMEU MITRE;RUA JORGE SCHIMMELPFENG, 351;91;145;62,76;0,1565;1,494;71;143;49,65;0,1376;1,264;56;170;32,94;0,1172;1,011;43;167;25,75;0,0995;0,903;-0,0570;Comparável
46;31;COLÉGIO ESTADUAL BARTOLOMEU MITRE;RUA JORGE SCHIMMELPFENG, 351;86;167;51,50;0,1479;1,226;162;327;49,54;0,3140;1,261;54;161;33,54;0,1130;1,029;40;192;20,83;0,0926;0,731;-0,0553;Comparável
46;32;COLÉGIO ESTADUAL BARTOLOMEU MITRE;RUA JORGE SCHIMMELPFENG, 351;88;176;50,00;0,1513;1,190;;;;;;34;191;17,80;0,0712;0,546;48;199;24,12;0,1111;0,846;-0,0402;Comparável
46;33;COLÉGIO ESTADUAL BARTOLOMEU MITRE;RUA JORGE SCHIMMELPFENG, 351;84;173;48,55;0,1444;1,156;145;348;41,67;0,2810;1,061;62;174;35,63;0,1298;1,094;59;193;30,57;0,1365;1,072;-0,0079;Comparável
46;34;COLÉGIO ESTADUAL BARTOLOMEU MITRE;RUA JORGE SCHIMMELPFENG, 351;85;185;45,95;0,1461;1,094;;;;;;62;181;34,25;0,1298;1,051;51;189;26,98;0,1180;0,947;-0,0281;Comparável
46;35;COLÉGIO ESTADUAL BARTOLOMEU MITRE;RUA JORGE SCHIMMELPFENG, 351;93;182;51,10;0,1599;1,216;123;340;36,18;0,2384;0,921;51;185;27,57;0,1068;0,846;49;203;24,14;0,1134;0,847;-0,0465;Comparável
46;36;COLÉGIO ESTADUAL BARTOLOMEU MITRE;RUA JORGE SCHIMMELPFENG, 351;85;187;45,45;0,1461;1,082;;;;;;55;183;30,05;0,1151;0,922;65;206;31,55;0,1504;1,107;0,0043;Comparável
46;37;COLÉGIO ESTADUAL BARTOLOMEU MITRE;RUA JORGE SCHIMMELPFENG, 351;82;178;46,07;0,1410;1,096;146;316;46,20;0,2830;1,176;55;181;30,39;0,1151;0,933;46;205;22,44;0,1065;0,787;-0,0345;Comparável
46;38;COLÉGIO ESTADUAL BARTOLOMEU MITRE;RUA JORGE SCHIMMELPFENG, 351;76;168;45,24;0,1307;1,077;;;;;;63;192;32,81;0,1319;1,007;54;195;27,69;0,1250;0,971;-0,0057;Comparável
46;39;COLÉGIO ESTADUAL BARTOLOMEU MITRE;RUA JORGE SCHIMMELPFENG, 351;83;179;46,37;0,1427;1,104;158;345;45,80;0,3062;1,166;55;183;30,05;0,1151;0,922;48;204;23,53;0,1111;0,825;-0,0316;Comparável
46;40;COLÉGIO ESTADUAL BARTOLOMEU MITRE;RUA JORGE SCHIMMELPFENG, 351;88;172;51,16;0,1513;1,218;;;;;;54;186;29,03;0,1130;0,891;46;193;23,83;0,1065;0,836;-0,0448;Comparável
46;41;ESCOLA MUNICIPAL PROFESSOR BENEDITO JOÃO CORDEIRO;RUA TAPUIAS, 193;109;208;52,40;0,1874;1,247;177;371;47,71;0,3431;1,215;62;226;27,43;0,1298;0,842;81;226;35,84;0,1875;1,257;0,0001;Comparável
46;42;ESCOLA MUNICIPAL PROFESSOR BENEDITO JOÃO CORDEIRO;RUA TAPUIAS, 193;120;195;61,54;0,2063;1,465;;;;;;63;211;29,86;0,1319;0,916;73;215;33,95;0,1690;1,191;-0,0373;Comparável
46;43;ESCOLA MUNICIPAL PROFESSOR BENEDITO JOÃO CORDEIRO;RUA TAPUIAS, 193;110;198;55,56;0,1891;1,322;188;396;47,47;0,3644;1,209;66;216;30,56;0,1381;0,938;65;228;28,51;0,1504;1,000;-0,0387;Comparável
46;44;ESCOLA MUNICIPAL PROFESSOR BENEDITO JOÃO CORDEIRO;RUA TAPUIAS, 193;70;131;53,44;0,1204;1,272;129;277;46,57;0,2500;1,186;77;261;29,50;0,1612;0,905;83;244;34,02;0,1921;1,193;0,0717;Comparável
46;45;ESCOLA MUNICIPAL PROFESSOR BENEDITO JOÃO CORDEIRO;RUA TAPUIAS, 193;104;192;54,17;0,1788;1,289;;;;;;;;;;;;;;;;;Só 2016
46;46;ESCOLA MUNICIPAL PROFESSOR BENEDITO JOÃO CORDEIRO;RUA TAPUIAS, 193;101;192;52,60;0,1736;1,252;;;;;;61;215;28,37;0,1277;0,871;69;221;31,22;0,1597;1,095;-0,0139;Comparável
46;47;COLÉGIO EDUCAÇÃO DINÂMICA (XODÓ DA VOVÓ/FACULDADE UDC);RUA CASTELO BRANCO, 349;110;270;40,74;0,1891;0,970;94;242;38,84;0,1822;0,989;74;286;25,87;0,1549;0,794;74;258;28,68;0,1713;1,006;-0,0178;Comparável
46;49;COLÉGIO EDUCAÇÃO DINÂMICA (XODÓ DA VOVÓ/FACULDADE UDC);RUA CASTELO BRANCO, 349;113;280;40,36;0,1943;0,961;112;245;45,71;0,2171;1,164;86;264;32,58;0,1800;1,000;67;269;24,91;0,1551;0,874;-0,0392;Comparável
46;51;COLÉGIO EDUCAÇÃO DINÂMICA (XODÓ DA VOVÓ/FACULDADE UDC);RUA CASTELO BRANCO, 349;126;281;44,84;0,2166;1,067;99;246;40,24;0,1919;1,025;69;261;26,44;0,1444;0,811;55;265;20,75;0,1273;0,728;-0,0893;Comparável
46;53;COLÉGIO EDUCAÇÃO DINÂMICA (XODÓ DA VOVÓ/FACULDADE UDC);RUA CASTELO BRANCO, 349;102;211;48,34;0,1754;1,151;95;229;41,48;0,1841;1,056;63;250;25,20;0,1319;0,773;68;257;26,46;0,1574;0,928;-0,0180;Comparável
46;55;COLÉGIO EDUCAÇÃO DINÂMICA (XODÓ DA VOVÓ/FACULDADE UDC);RUA CASTELO BRANCO, 349;85;206;41,26;0,1461;0,982;89;225;39,56;0,1725;1,007;72;245;29,39;0,1507;0,902;56;231;24,24;0,1296;0,850;-0,0165;Comparável
46;57;COLÉGIO EDUCAÇÃO DINÂMICA (XODÓ DA VOVÓ/FACULDADE UDC);RUA CASTELO BRANCO, 349;118;282;41,84;0,2029;0,996;106;250;42,40;0,2054;1,080;65;271;23,99;0,1361;0,736;68;263;25,86;0,1574;0,907;-0,0455;Comparável
46;59;ESCOLA MUNICIPAL CECILIA MEIRELES;RUA FELDSPATO, 790;89;218;40,83;0,1530;0,972;156;390;40,00;0,3024;1,019;82;209;39,23;0,1716;1,204;65;203;32,02;0,1504;1,123;-0,0026;Comparável
46;60;ESCOLA MUNICIPAL CECILIA MEIRELES;RUA FELDSPATO, 790;90;200;45,00;0,1547;1,071;;;;;;66;206;32,04;0,1381;0,983;53;212;25,00;0,1227;0,877;-0,0320;Comparável
46;61;ESCOLA MUNICIPAL CECILIA MEIRELES;RUA FELDSPATO, 790;92;201;45,77;0,1582;1,089;156;385;40,52;0,3024;1,032;72;216;33,33;0,1507;1,023;52;207;25,12;0,1203;0,881;-0,0379;Comparável
46;62;ESCOLA MUNICIPAL CECILIA MEIRELES;RUA FELDSPATO, 790;87;206;42,23;0,1496;1,005;;;;;;79;214;36,92;0,1654;1,133;80;208;38,46;0,1852;1,349;0,0356;Comparável
46;63;ESCOLA MUNICIPAL CECILIA MEIRELES;RUA FELDSPATO, 790;92;211;43,60;0,1582;1,038;149;401;37,16;0,2888;0,946;72;207;34,78;0,1507;1,067;75;211;35,55;0,1736;1,247;0,0154;Comparável
46;79;COLÉGIO ESTADUAL TRES FRONTEIRAS;RUA SURUBI, S/N;86;241;35,68;0,1479;0,849;83;242;34,30;0,1609;0,873;77;231;33,33;0,1612;1,023;64;242;26,45;0,1481;0,928;0,0002;Comparável
46;80;COLÉGIO ESTADUAL TRES FRONTEIRAS;RUA SURUBI, S/N;78;193;40,41;0,1341;0,962;61;189;32,28;0,1182;0,822;71;204;34,80;0,1486;1,068;68;201;33,83;0,1574;1,187;0,0233;Comparável
46;81;COLÉGIO ESTADUAL TRES FRONTEIRAS;RUA SURUBI, S/N;82;231;35,50;0,1410;0,845;71;232;30,60;0,1376;0,779;76;254;29,92;0,1591;0,918;64;240;26,67;0,1481;0,935;0,0071;Comparável
46;82;COLÉGIO ESTADUAL TRES FRONTEIRAS;RUA SURUBI, S/N;90;251;35,86;0,1547;0,853;79;236;33,47;0,1531;0,852;77;243;31,69;0,1612;0,972;57;227;25,11;0,1319;0,881;-0,0228;Comparável
46;83;COLÉGIO ESTADUAL TRES FRONTEIRAS;RUA SURUBI, S/N;88;255;34,51;0,1513;0,821;74;223;33,18;0,1434;0,845;67;247;27,13;0,1402;0,832;66;239;27,62;0,1527;0,969;0,0014;Comparável
46;84;COLÉGIO ESTADUAL TRES FRONTEIRAS;RUA SURUBI, S/N;83;249;33,33;0,1427;0,793;64;219;29,22;0,1240;0,744;77;245;31,43;0,1612;0,965;72;245;29,39;0,1666;1,031;0,0239;Comparável
46;85;COLÉGIO ESTADUAL TRES FRONTEIRAS;RUA SURUBI, S/N;89;240;37,08;0,1530;0,883;72;225;32,00;0,1395;0,815;62;247;25,10;0,1298;0,770;74;243;30,45;0,1713;1,068;0,0183;Comparável
46;86;COLÉGIO ESTADUAL TRES FRONTEIRAS;RUA SURUBI, S/N;95;250;38,00;0,1633;0,904;67;227;29,52;0,1299;0,752;73;251;29,08;0,1528;0,893;68;237;28,69;0,1574;1,006;-0,0059;Comparável
46;87;COLÉGIO ESTADUAL TRES FRONTEIRAS;RUA SURUBI, S/N;88;245;35,92;0,1513;0,855;74;234;31,62;0,1434;0,805;70;249;28,11;0,1465;0,863;78;231;33,77;0,1805;1,184;0,0292;Comparável
46;88;COLÉGIO ESTADUAL TRES FRONTEIRAS;RUA SURUBI, S/N;84;228;36,84;0,1444;0,877;75;223;33,63;0,1454;0,856;77;249;30,92;0,1612;0,949;85;243;34,98;0,1967;1,227;0,0523;Comparável
46;89;COLÉGIO ESTADUAL TRES FRONTEIRAS;RUA SURUBI, S/N;85;240;35,42;0,1461;0,843;71;227;31,28;0,1376;0,796;81;240;33,75;0,1695;1,036;80;223;35,87;0,1852;1,258;0,0391;Comparável
46;91;ESCOLA MUNICIPAL ADELE ZANOTTO SCALCO - CAIC;AVENIDA JAVIER KOELBL, 1923;111;275;40,36;0,1908;0,961;73;263;27,76;0,1415;0,707;79;264;29,92;0,1654;0,918;58;254;22,83;0,1342;0,801;-0,0566;Comparável
46;92;ESCOLA MUNICIPAL JULIO PASA;RUA ESPIRITO SANTO, 1226;136;288;47,22;0,2338;1,124;107;240;44,58;0,2074;1,135;72;232;31,03;0,1507;0,952;82;217;37,79;0,1898;1,326;-0,0440;Comparável
46;94;ESCOLA MUNICIPAL JULIO PASA;RUA ESPIRITO SANTO, 1226;92;203;45,32;0,1582;1,079;90;202;44,55;0,1744;1,134;73;225;32,44;0,1528;0,996;78;237;32,91;0,1805;1,154;0,0223;Comparável
46;95;CENTRO ESTADUAL DE EDUCAÇÃO PROFISSIONAL MANOEL MOREIRA PENA → COLEGIO BERTONI;AVENIDA GENERAL MEIRA, 391 (COLÉGIO AGRÍCOLA);95;206;46,12;0,1633;1,098;181;409;44,25;0,3508;1,127;69;244;28,28;0,1444;0,868;59;261;22,61;0,1365;0,793;-0,0268;Local diferente
46;96;CENTRO ESTADUAL DE EDUCAÇÃO PROFISSIONAL MANOEL MOREIRA PENA;AVENIDA GENERAL MEIRA, 391 (COLÉGIO AGRÍCOLA);45;98;45,92;0,0774;1,093;;;;;;;;;;;;;;;;;Só 2016
46;97;COLÉGIO ESTADUAL MONSENHOR GUILHERME;RUA NAIPI, 261;70;165;42,42;0,1204;1,010;71;205;34,63;0,1376;0,882;60;221;27,15;0,1256;0,833;49;214;22,90;0,1134;0,803;-0,0070;Comparável
46;99;COLÉGIO ESTADUAL MONSENHOR GUILHERME;RUA NAIPI, 261;73;177;41,24;0,1255;0,982;;;;;;;;;;;;;;;;;Só 2016
46;100;COLÉGIO ESTADUAL MONSENHOR GUILHERME;RUA NAIPI, 261;;;;;;77;216;35,65;0,1492;0,908;66;226;29,20;0,1381;0,896;50;208;24,04;0,1157;0,843;;Comparável
46;101;COLÉGIO ESTADUAL MONSENHOR GUILHERME;RUA NAIPI, 261;58;162;35,80;0,0997;0,852;;;;;;;;;;;;;;;;;Só 2016
46;102;ESCOLA MUNICIPAL PROFESSOR PEDRO VIRIATO PARIGOT DE SOUZA → COLÉGIO VICENTINO SÃO JOSÉ;RUA BENJAMIM CONSTANT, 493;60;138;43,48;0,1032;1,035;94;231;40,69;0,1822;1,036;88;256;34,38;0,1842;1,055;81;236;34,32;0,1875;1,204;0,0843;Local diferente
46;104;ESCOLA MUNICIPAL PROFESSOR PEDRO VIRIATO PARIGOT DE SOUZA;RUA BENJAMIM CONSTANT, 493;76;182;41,76;0,1307;0,994;;;;;;;;;;;;;;;;;Só 2016
46;105;COLÉGIO VICENTINO SÃO JOSÉ;AVENIDA BRASIL, 1590;;;;;;98;253;38,74;0,1899;0,986;78;243;32,10;0,1633;0,985;55;245;22,45;0,1273;0,787;;Comparável
46;106;COLÉGIO VICENTINO SÃO JOSÉ;AVENIDA BRASIL, 1590;93;237;39,24;0,1599;0,934;97;230;42,17;0,1880;1,074;73;247;29,55;0,1528;0,907;63;236;26,69;0,1458;0,936;-0,0141;Comparável
46;108;COLÉGIO VICENTINO SÃO JOSÉ;AVENIDA BRASIL, 1590;94;215;43,72;0,1616;1,041;100;240;41,67;0,1938;1,061;57;248;22,98;0,1193;0,705;54;239;22,59;0,1250;0,793;-0,0366;Comparável
46;111;COLÉGIO CAESP;RUA ALMIRANTE BARROSO, 1086;146;301;48,51;0,2510;1,154;68;166;40,96;0,1318;1,043;54;180;30,00;0,1130;0,921;53;231;22,94;0,1227;0,805;-0,1283;Comparável
46;112;COLEGIO CAESP;RUA ALMIRANTE BARROSO, 1086;;;;;;146;364;40,11;0,2830;1,021;59;214;27,57;0,1235;0,846;64;244;26,23;0,1481;0,920;;Comparável
46;113;COLÉGIO CAESP;RUA ALMIRANTE BARROSO, 1086;86;187;45,99;0,1479;1,095;;;;;;61;215;28,37;0,1277;0,871;44;250;17,60;0,1018;0,617;-0,0461;Comparável
46;114;COLÉGIO CAESP;RUA ALMIRANTE BARROSO, 1086;85;186;45,70;0,1461;1,088;133;343;38,78;0,2578;0,987;56;195;28,72;0,1172;0,881;61;250;24,40;0,1412;0,856;-0,0049;Comparável
46;115;COLÉGIO EDUCAÇÃO DINÂMICA (XODÓ DA VOVÓ/FACULDADE UDC);RUA CASTELO BRANCO, 349;113;255;44,31;0,1943;1,055;104;248;41,94;0,2016;1,068;56;272;20,59;0,1172;0,632;70;269;26,02;0,1620;0,913;-0,0323;Comparável
46;117;COLÉGIO EDUCAÇÃO DINÂMICA (XODÓ DA VOVÓ/FACULDADE UDC);RUA CASTELO BRANCO, 349;105;256;41,02;0,1805;0,976;98;237;41,35;0,1899;1,053;74;274;27,01;0,1549;0,829;71;283;25,09;0,1643;0,880;-0,0162;Comparável
46;119;COLÉGIO EDUCAÇÃO DINÂMICA (XODÓ DA VOVÓ/FACULDADE UDC);RUA CASTELO BRANCO, 349;100;207;48,31;0,1719;1,150;94;241;39,00;0,1822;0,993;61;264;23,11;0,1277;0,709;80;275;29,09;0,1852;1,020;0,0133;Comparável
46;121;COLÉGIO EDUCAÇÃO DINÂMICA (XODÓ DA VOVÓ/FACULDADE UDC);RUA CASTELO BRANCO, 349;109;254;42,91;0,1874;1,021;98;240;40,83;0,1899;1,040;66;253;26,09;0,1381;0,801;57;267;21,35;0,1319;0,749;-0,0555;Comparável
46;123;COLÉGIO EDUCAÇÃO DINÂMICA (XODÓ DA VOVÓ/FACULDADE UDC);RUA CASTELO BRANCO, 349;100;205;48,78;0,1719;1,161;94;236;39,83;0,1822;1,014;62;250;24,80;0,1298;0,761;63;272;23,16;0,1458;0,812;-0,0261;Comparável
46;132;ESCOLA MUNICIPAL VILA SHALON;AVENIDA GENERAL MEIRA, 2008;118;280;42,14;0,2029;1,003;103;265;38,87;0,1996;0,990;62;247;25,10;0,1298;0,770;87;258;33,72;0,2014;1,183;-0,0015;Comparável
46;133;COLÉGIO ESTADUAL TARQUINIO SANTOS;RUA CARLOS WELTER, 470;106;225;47,11;0,1822;1,121;95;221;42,99;0,1841;1,095;76;251;30,28;0,1591;0,929;92;261;35,25;0,2129;1,236;0,0307;Comparável
46;134;COLÉGIO ESTADUAL TARQUINIO SANTOS;RUA CARLOS WELTER, 470;102;236;43,22;0,1754;1,029;202;440;45,91;0,3915;1,169;68;245;27,76;0,1423;0,852;77;264;29,17;0,1782;1,023;0,0028;Comparável
46;135;COLÉGIO ESTADUAL TARQUINIO SANTOS;RUA CARLOS WELTER, 470;112;225;49,78;0,1926;1,185;;;;;;62;230;26,96;0,1298;0,827;77;259;29,73;0,1782;1,043;-0,0144;Comparável
46;136;COLÉGIO ESTADUAL TARQUINIO SANTOS;RUA CARLOS WELTER, 470;42;104;40,38;0,0722;0,961;163;361;45,15;0,3159;1,150;68;233;29,18;0,1423;0,896;67;236;28,39;0,1551;0,996;0,0829;Comparável
46;142;ESCOLA MUNICIPAL JULIO PASA;RUA ESPIRITO SANTO, 1226;94;199;47,24;0,1616;1,124;196;395;49,62;0,3799;1,263;70;228;30,70;0,1465;0,942;72;246;29,27;0,1666;1,027;0,0050;Comparável
46;143;ESCOLA MUNICIPAL PROFESSOR PEDRO VIRIATO PARIGOT DE SOUZA;RUA BENJAMIM CONSTANT, 493;66;184;35,87;0,1135;0,854;;;;;;;;;;;;;;;;;Só 2016
46;145;ESCOLA MUNICIPAL ACÁCIO PEDROSO;RUA TRAIRA, 305;93;269;34,57;0,1599;0,823;156;454;34,36;0,3024;0,875;69;224;30,80;0,1444;0,945;61;210;29,05;0,1412;1,019;-0,0187;Comparável
46;148;COLÉGIO EDUCAÇÃO DINÂMICA (XODÓ DA VOVÓ/FACULDADE UDC);RUA CASTELO BRANCO, 349;119;271;43,91;0,2046;1,045;96;246;39,02;0,1861;0,994;84;268;31,34;0,1758;0,962;71;252;28,17;0,1643;0,988;-0,0403;Comparável
46;150;ESCOLA MUNICIPAL CECILIA MEIRELES;RUA FELDSPATO, 790;98;207;47,34;0,1685;1,127;;;;;;84;212;39,62;0,1758;1,216;70;213;32,86;0,1620;1,153;-0,0065;Comparável
46;151;ESCOLA MUNICIPAL PROFESSORA LUCIA MARLENE PENA NIERADCKA;RUA MAJOR ACYLINO DE CASTRO, 838;76;146;52,05;0,1307;1,239;;;;;;;;;;;;;;;;;Só 2016
46;155;ESCOLA MUNICIPAL PRESIDENTE GETULIO VARGAS;RUA SEMPRE VIVA, 347;118;266;44,36;0,2029;1,056;132;262;50,38;0,2558;1,283;90;265;33,96;0,1884;1,042;82;247;33,20;0,1898;1,165;-0,0131;Comparável
46;158;COLÉGIO ESTADUAL MONSENHOR GUILHERME;RUA NAIPI, 261;69;168;41,07;0,1186;0,978;101;361;27,98;0,1958;0,712;73;230;31,74;0,1528;0,974;57;212;26,89;0,1319;0,943;0,0133;Comparável
46;161;ESCOLA MUNICIPAL JULIO PASA;RUA ESPIRITO SANTO, 1226;104;203;51,23;0,1788;1,219;;;;;;71;215;33,02;0,1486;1,013;70;228;30,70;0,1620;1,077;-0,0168;Comparável
46;162;COLÉGIO BERTONI;RUA FULGENCIO PEREIRA, 311;149;328;45,43;0,2562;1,081;;;;;;63;262;24,05;0,1319;0,738;76;271;28,04;0,1759;0,984;-0,0803;Comparável
46;165;COLÉGIO EDUCAÇÃO DINÂMICA (XODÓ DA VOVÓ/FACULDADE UDC);RUA CASTELO BRANCO, 349;123;266;46,24;0,2115;1,101;102;246;41,46;0,1977;1,056;64;268;23,88;0,1340;0,733;80;268;29,85;0,1852;1,047;-0,0263;Comparável
46;166;ESCOLA MUNICIPAL JARDIM NAIPI;RUA VICENTE CELESTINO, 280;143;322;44,41;0,2459;1,057;130;259;50,19;0,2520;1,278;83;241;34,44;0,1737;1,057;82;219;37,44;0,1898;1,313;-0,0561;Comparável
46;168;ESCOLA MUNICIPAL JULIO PASA;RUA ESPIRITO SANTO, 1226;88;212;41,51;0,1513;0,988;182;396;45,96;0,3527;1,170;64;224;28,57;0,1340;0,877;72;238;30,25;0,1666;1,061;0,0153;Comparável
46;170;COLÉGIO VICENTINO SÃO JOSÉ;AVENIDA BRASIL, 1590;87;180;48,33;0,1496;1,150;123;243;50,62;0,2384;1,289;74;262;28,24;0,1549;0,867;94;260;36,15;0,2176;1,268;0,0680;Comparável
46;172;ESCOLA MUNICIPAL CECILIA MEIRELES;RUA FELDSPATO, 790;75;190;39,47;0,1289;0,940;137;363;37,74;0,2655;0,961;73;185;39,46;0,1528;1,211;63;190;33,16;0,1458;1,163;0,0169;Comparável
46;174;COLÉGIO ESTADUAL MONSENHOR GUILHERME;RUA NAIPI, 261;88;200;44,00;0,1513;1,047;;;;;;;;;;;;;;;;;Só 2016
46;180;CENTRO ESTADUAL DE EDUCAÇÃO PROFISSIONAL MANOEL MOREIRA PENA → COLEGIO BERTONI;AVENIDA GENERAL MEIRA, 391 (COLÉGIO AGRÍCOLA);83;211;39,34;0,1427;0,936;189;387;48,84;0,3663;1,244;73;235;31,06;0,1528;0,953;65;266;24,44;0,1504;0,857;0,0077;Local diferente
46;183;ESCOLA MUNICIPAL VINICIUS DE MORAES;RUA DAS ROSAS, 325;103;253;40,71;0,1771;0,969;94;246;38,21;0,1822;0,973;85;272;31,25;0,1779;0,959;87;248;35,08;0,2014;1,231;0,0243;Comparável
46;186;ESCOLA MUNICIPAL VINICIUS DE MORAES;RUA DAS ROSAS, 325;113;260;43,46;0,1943;1,034;93;223;41,70;0,1803;1,062;86;257;33,46;0,1800;1,027;80;235;34,04;0,1852;1,194;-0,0091;Comparável
46;187;COLÉGIO ESTADUAL MONSENHOR GUILHERME;RUA NAIPI, 261;;;;;;111;271;40,96;0,2151;1,043;69;232;29,74;0,1444;0,913;69;233;29,61;0,1597;1,039;;Comparável
46;190;ESCOLA MUNICIPAL VINICIUS DE MORAES;RUA DAS ROSAS, 325;88;248;35,48;0,1513;0,845;84;227;37,00;0,1628;0,942;75;264;28,41;0,1570;0,872;86;255;33,73;0,1990;1,183;0,0477;Comparável
46;192;COLEGIO BERTONI;RUA FULGENCIO PEREIRA, 311;;;;;;;;;;;69;247;27,94;0,1444;0,857;67;278;24,10;0,1551;0,845;;Comparável
46;193;ESCOLA MUNICIPAL VINICIUS DE MORAES;RUA DAS ROSAS, 325;85;244;34,84;0,1461;0,829;81;226;35,84;0,1570;0,913;84;264;31,82;0,1758;0,976;85;251;33,86;0,1967;1,188;0,0506;Comparável
46;197;ESCOLA MUNICIPAL JULIO PASA;RUA ESPIRITO SANTO, 1226;105;212;49,53;0,1805;1,179;;;;;;64;217;29,49;0,1340;0,905;71;236;30,08;0,1643;1,055;-0,0162;Comparável
46;199;ESCOLA MUNICIPAL VINICIUS DE MORAES;RUA DAS ROSAS, 325;103;249;41,37;0,1771;0,985;89;235;37,87;0,1725;0,964;70;261;26,82;0,1465;0,823;81;253;32,02;0,1875;1,123;0,0104;Comparável
46;201;COLÉGIO VICENTINO SÃO JOSÉ;AVENIDA BRASIL, 1590;50;111;45,05;0,0860;1,072;;;;;;;;;;;;;;;;;Só 2016
46;204;ESCOLA MUNICIPAL ACÁCIO PEDROSO;RUA TRAIRA, 305;113;264;42,80;0,1943;1,019;;;;;;73;225;32,44;0,1528;0,996;70;216;32,41;0,1620;1,137;-0,0323;Comparável
46;205;ESCOLA MUNICIPAL CECILIA MEIRELES;RUA FELDSPATO, 790;88;202;43,56;0,1513;1,037;;;;;;71;211;33,65;0,1486;1,033;64;211;30,33;0,1481;1,064;-0,0032;Comparável
46;206;ESCOLA MUNICIPAL PRESIDENTE GETULIO VARGAS;RUA SEMPRE VIVA, 347;119;278;42,81;0,2046;1,019;128;263;48,67;0,2481;1,239;81;258;31,40;0,1695;0,964;94;252;37,30;0,2176;1,308;0,0130;Comparável
46;207;ESCOLA MUNICIPAL VINICIUS DE MORAES;RUA DAS ROSAS, 325;91;257;35,41;0,1565;0,843;85;239;35,56;0,1647;0,906;96;267;35,96;0,2009;1,103;77;246;31,30;0,1782;1,098;0,0217;Comparável
46;209;COLÉGIO EDUCAÇÃO DINÂMICA (XODÓ DA VOVÓ/FACULDADE UDC);RUA CASTELO BRANCO, 349;115;252;45,63;0,1977;1,086;125;242;51,65;0,2423;1,315;67;266;25,19;0,1402;0,773;83;267;31,09;0,1921;1,090;-0,0056;Comparável
46;210;COLÉGIO ESTADUAL TARQUINIO SANTOS;RUA CARLOS WELTER, 470;105;232;45,26;0,1805;1,077;;;;;;68;231;29,44;0,1423;0,903;82;248;33,06;0,1898;1,160;0,0093;Comparável
46;212;ESCOLA MUNICIPAL VILA SHALON;AVENIDA GENERAL MEIRA, 2008;146;331;44,11;0,2510;1,050;137;349;39,26;0,2655;1,000;78;262;29,77;0,1633;0,914;71;263;27,00;0,1643;0,947;-0,0867;Comparável
46;213;COLÉGIO BERTONI;RUA FULGENCIO PEREIRA, 311;123;261;47,13;0,2115;1,122;115;232;49,57;0,2229;1,262;68;261;26,05;0,1423;0,800;72;269;26,77;0,1666;0,939;-0,0449;Comparável
46;214;COLÉGIO ESTADUAL MONSENHOR GUILHERME;RUA NAIPI, 261;75;190;39,47;0,1289;0,940;;;;;;;;;;;;;;;;;Só 2016
46;215;ESCOLA MUNICIPAL CECILIA MEIRELES;RUA FELDSPATO, 790;92;202;45,54;0,1582;1,084;172;410;41,95;0,3334;1,068;63;217;29,03;0,1319;0,891;71;214;33,18;0,1643;1,164;0,0061;Comparável
46;216;COLÉGIO ESTADUAL JUSCELINO KUBITSCHEK DE OLIVEIRA;AVENIDA MORENITAS, 865;99;258;38,37;0,1702;0,913;125;408;30,64;0,2423;0,780;88;272;32,35;0,1842;0,993;65;259;25,10;0,1504;0,880;-0,0198;Comparável
46;218;ESCOLA MUNICIPAL JARDIM NAIPI;RUA VICENTE CELESTINO, 280;129;219;58,90;0,2218;1,402;114;209;54,55;0,2210;1,389;88;232;37,93;0,1842;1,164;82;232;35,34;0,1898;1,240;-0,0320;Comparável
46;219;ESCOLA MUNICIPAL VINICIUS DE MORAES;RUA DAS ROSAS, 325;98;258;37,98;0,1685;0,904;85;227;37,44;0,1647;0,953;86;247;34,82;0,1800;1,069;71;222;31,98;0,1643;1,122;-0,0042;Comparável
46;220;ESCOLA MUNICIPAL ADELE ZANOTTO SCALCO - CAIC;AVENIDA JAVIER KOELBL, 1923;88;283;31,10;0,1513;0,740;69;257;26,85;0,1337;0,684;80;268;29,85;0,1675;0,916;61;239;25,52;0,1412;0,895;-0,0101;Comparável
46;223;COLÉGIO CAESP;RUA ALMIRANTE BARROSO, 1086;86;189;45,50;0,1479;1,083;;;;;;59;202;29,21;0,1235;0,896;60;243;24,69;0,1389;0,866;-0,0090;Comparável
46;225;COLÉGIO ESTADUAL JUSCELINO KUBITSCHEK DE OLIVEIRA;AVENIDA MORENITAS, 865;91;266;34,21;0,1565;0,814;86;283;30,39;0,1667;0,774;83;270;30,74;0,1737;0,943;60;270;22,22;0,1389;0,780;-0,0176;Comparável
46;226;ESCOLA MUNICIPAL ACÁCIO PEDROSO;RUA TRAIRA, 305;93;263;35,36;0,1599;0,842;127;386;32,90;0,2461;0,838;77;220;35,00;0,1612;1,074;69;214;32,24;0,1597;1,131;-0,0002;Comparável
46;228;ESCOLA MUNICIPAL PRESIDENTE GETULIO VARGAS;RUA SEMPRE VIVA, 347;90;180;50,00;0,1547;1,190;99;202;49,01;0,1919;1,248;74;241;30,71;0,1549;0,942;64;251;25,50;0,1481;0,894;-0,0066;Comparável
46;229;ESCOLA MUNICIPAL VINICIUS DE MORAES;RUA DAS ROSAS, 325;77;212;36,32;0,1324;0,864;75;216;34,72;0,1454;0,884;80;225;35,56;0,1675;1,091;57;210;27,14;0,1319;0,952;-0,0005;Comparável
46;230;COLÉGIO ESTADUAL JUSCELINO KUBITSCHEK DE OLIVEIRA;AVENIDA MORENITAS, 865;81;236;34,32;0,1393;0,817;78;258;30,23;0,1512;0,770;83;253;32,81;0,1737;1,007;63;236;26,69;0,1458;0,936;0,0065;Comparável
46;231;ESCOLA MUNICIPAL ADELE ZANOTTO SCALCO - CAIC;AVENIDA JAVIER KOELBL, 1923;102;264;38,64;0,1754;0,920;75;253;29,64;0,1454;0,755;69;247;27,94;0,1444;0,857;66;235;28,09;0,1527;0,985;-0,0227;Comparável
46;233;ESCOLA MUNICIPAL CECILIA MEIRELES;RUA FELDSPATO, 790;98;212;46,23;0,1685;1,100;;;;;;73;226;32,30;0,1528;0,991;80;217;36,87;0,1852;1,293;0,0167;Comparável
46;234;COLÉGIO EDUCAÇÃO DINÂMICA (XODÓ DA VOVÓ/FACULDADE UDC);RUA CASTELO BRANCO, 349;101;249;40,56;0,1736;0,965;107;251;42,63;0,2074;1,085;80;281;28,47;0,1675;0,874;65;276;23,55;0,1504;0,826;-0,0232;Comparável
46;235;COLÉGIO ESTADUAL JUSCELINO KUBITSCHEK DE OLIVEIRA;AVENIDA MORENITAS, 865;97;268;36,19;0,1668;0,861;88;276;31,88;0,1706;0,812;100;283;35,34;0,2093;1,084;80;274;29,20;0,1852;1,024;0,0184;Comparável
46;236;ESCOLA MUNICIPAL VINICIUS DE MORAES;RUA DAS ROSAS, 325;86;242;35,54;0,1479;0,846;79;237;33,33;0,1531;0,849;75;260;28,85;0,1570;0,885;71;237;29,96;0,1643;1,051;0,0164;Comparável
46;237;COLÉGIO BERTONI;RUA FULGENCIO PEREIRA, 311;129;309;41,75;0,2218;0,994;161;366;43,99;0,3120;1,120;72;245;29,39;0,1507;0,902;73;272;26,84;0,1690;0,941;-0,0528;Comparável
46;238;ESCOLA MUNICIPAL ADELE ZANOTTO SCALCO - CAIC;AVENIDA JAVIER KOELBL, 1923;78;203;38,42;0,1341;0,915;73;218;33,49;0,1415;0,853;75;230;32,61;0,1570;1,001;62;228;27,19;0,1435;0,954;0,0094;Comparável
46;239;ESCOLA MUNICIPAL ACÁCIO PEDROSO;RUA TRAIRA, 305;55;127;43,31;0,0946;1,031;;;;;;52;214;24,30;0,1088;0,746;59;205;28,78;0,1365;1,010;0,0419;Comparável
46;240;COLÉGIO CAESP;RUA ALMIRANTE BARROSO, 1086;90;187;48,13;0,1547;1,146;135;355;38,03;0,2617;0,968;47;207;22,71;0,0984;0,697;57;242;23,55;0,1319;0,826;-0,0228;Comparável
46;241;COLÉGIO ESTADUAL JUSCELINO KUBITSCHEK DE OLIVEIRA;AVENIDA MORENITAS, 865;94;270;34,81;0,1616;0,829;85;290;29,31;0,1647;0,746;89;291;30,58;0,1863;0,939;87;282;30,85;0,2014;1,082;0,0398;Comparável
46;242;ESCOLA MUNICIPAL ADELE ZANOTTO SCALCO - CAIC;AVENIDA JAVIER KOELBL, 1923;110;272;40,44;0,1891;0,963;90;250;36,00;0,1744;0,917;90;253;35,57;0,1884;1,092;54;232;23,28;0,1250;0,816;-0,0641;Comparável
46;243;COLEGIO BERTONI;RUA FULGENCIO PEREIRA, 311;;;;;;;;;;;51;230;22,17;0,1068;0,681;50;263;19,01;0,1157;0,667;;Comparável
46;244;ESCOLA MUNICIPAL JARDIM NAIPI;RUA VICENTE CELESTINO, 280;116;219;52,97;0,1994;1,261;211;434;48,62;0,4090;1,238;75;240;31,25;0,1570;0,959;67;226;29,65;0,1551;1,040;-0,0443;Comparável
46;245;ESCOLA MUNICIPAL JARDIM NAIPI;RUA VICENTE CELESTINO, 280;95;202;47,03;0,1633;1,119;;;;;;84;246;34,15;0,1758;1,048;81;224;36,16;0,1875;1,268;0,0242;Comparável
46;247;COLÉGIO ESTADUAL JUSCELINO KUBITSCHEK DE OLIVEIRA;AVENIDA MORENITAS, 865;76;261;29,12;0,1307;0,693;77;268;28,73;0,1492;0,732;84;264;31,82;0,1758;0,976;70;280;25,00;0,1620;0,877;0,0313;Comparável
46;248;COLÉGIO CAESP;RUA ALMIRANTE BARROSO, 1086;61;165;36,97;0,1049;0,880;;;;;;43;186;23,12;0,0900;0,709;38;229;16,59;0,0879;0,582;-0,0170;Comparável
46;249;ESCOLA MUNICIPAL VINICIUS DE MORAES;RUA DAS ROSAS, 325;82;242;33,88;0,1410;0,806;89;234;38,03;0,1725;0,968;95;270;35,19;0,1988;1,080;95;243;39,09;0,2199;1,371;0,0789;Comparável
46;250;ESCOLA MUNICIPAL PRESIDENTE GETULIO VARGAS;RUA SEMPRE VIVA, 347;107;263;40,68;0,1840;0,968;100;267;37,45;0,1938;0,954;73;245;29,80;0,1528;0,914;82;246;33,33;0,1898;1,169;0,0058;Comparável
46;252;ESCOLA MUNICIPAL ADELE ZANOTTO SCALCO - CAIC;AVENIDA JAVIER KOELBL, 1923;89;263;33,84;0,1530;0,805;81;255;31,76;0,1570;0,809;69;251;27,49;0,1444;0,844;55;245;22,45;0,1273;0,787;-0,0257;Comparável
46;253;COLÉGIO EDUCAÇÃO DINÂMICA (XODÓ DA VOVÓ/FACULDADE UDC);RUA CASTELO BRANCO, 349;52;123;42,28;0,0894;1,006;62;205;30,24;0,1202;0,770;53;198;26,77;0,1109;0,821;51;255;20,00;0,1180;0,702;0,0286;Comparável
46;254;ESCOLA MUNICIPAL VILA SHALON;AVENIDA GENERAL MEIRA, 2008;;;;;;;;;;;53;207;25,60;0,1109;0,786;67;234;28,63;0,1551;1,004;;Comparável
46;255;COLÉGIO ESTADUAL JUSCELINO KUBITSCHEK DE OLIVEIRA;AVENIDA MORENITAS, 865;95;273;34,80;0,1633;0,828;83;260;31,92;0,1609;0,813;88;269;32,71;0,1842;1,004;61;258;23,64;0,1412;0,829;-0,0221;Comparável
46;256;COLÉGIO ESTADUAL JUSCELINO KUBITSCHEK DE OLIVEIRA;AVENIDA MORENITAS, 865;68;270;25,19;0,1169;0,599;66;259;25,48;0,1279;0,649;86;250;34,40;0,1800;1,056;78;261;29,89;0,1805;1,048;0,0636;Comparável
46;257;COLÉGIO ESTADUAL JUSCELINO KUBITSCHEK DE OLIVEIRA;AVENIDA MORENITAS, 865;85;262;32,44;0,1461;0,772;78;268;29,10;0,1512;0,741;84;268;31,34;0,1758;0,962;61;261;23,37;0,1412;0,820;-0,0049;Comparável
46;258;ESCOLA MUNICIPAL PRESIDENTE GETULIO VARGAS;RUA SEMPRE VIVA, 347;153;318;48,11;0,2631;1,145;137;280;48,93;0,2655;1,246;88;267;32,96;0,1842;1,011;83;258;32,17;0,1921;1,128;-0,0710;Comparável
46;259;COLÉGIO ESTADUAL JUSCELINO KUBITSCHEK DE OLIVEIRA;AVENIDA MORENITAS, 865;105;333;31,53;0,1805;0,750;91;283;32,16;0,1764;0,819;110;281;39,15;0,2302;1,201;94;289;32,53;0,2176;1,141;0,0371;Comparável
46;260;ESCOLA MUNICIPAL ADELE ZANOTTO SCALCO - CAIC;AVENIDA JAVIER KOELBL, 1923;117;335;34,93;0,2012;0,831;108;285;37,89;0,2093;0,965;93;282;32,98;0,1947;1,012;66;245;26,94;0,1527;0,945;-0,0485;Comparável
46;261;ESCOLA MUNICIPAL ADELE ZANOTTO SCALCO - CAIC;AVENIDA JAVIER KOELBL, 1923;122;332;36,75;0,2098;0,875;79;256;30,86;0,1531;0,786;75;252;29,76;0,1570;0,913;72;241;29,88;0,1666;1,048;-0,0432;Comparável
46;262;COLEGIO ESTADUAL BARAO DO RIO BRANCO;RUA SILVINO DAL BO, 85;;;;;;134;293;45,73;0,2597;1,165;58;191;30,37;0,1214;0,932;44;194;22,68;0,1018;0,796;;Comparável
46;263;COLEGIO ESTADUAL BARAO DO RIO BRANCO;RUA SILVINO DAL BO, 85;;;;;;;;;;;57;168;33,93;0,1193;1,041;52;188;27,66;0,1203;0,970;;Comparável
46;264;COLEGIO ESTADUAL BARAO DO RIO BRANCO;RUA SILVINO DAL BO, 85;;;;;;97;199;48,74;0,1880;1,241;56;185;30,27;0,1172;0,929;54;185;29,19;0,1250;1,024;;Comparável
46;266;COLEGIO ESTADUAL BARAO DO RIO BRANCO;RUA SILVINO DAL BO, 85;;;;;;144;316;45,57;0,2791;1,160;52;184;28,26;0,1088;0,867;50;196;25,51;0,1157;0,895;;Comparável
46;267;COLEGIO ESTADUAL BARAO DO RIO BRANCO;RUA SILVINO DAL BO, 85;;;;;;;;;;;52;180;28,89;0,1088;0,887;47;190;24,74;0,1088;0,868;;Comparável
46;268;COLEGIO ESTADUAL BARAO DO RIO BRANCO;RUA SILVINO DAL BO, 85;;;;;;128;299;42,81;0,2481;1,090;38;170;22,35;0,0795;0,686;45;182;24,73;0,1041;0,867;;Comparável
46;269;COLEGIO ESTADUAL BARAO DO RIO BRANCO;RUA SILVINO DAL BO, 85;;;;;;;;;;;56;180;31,11;0,1172;0,955;49;183;26,78;0,1134;0,939;;Comparável
46;270;COLEGIO ESTADUAL BARAO DO RIO BRANCO;RUA SILVINO DAL BO, 85;;;;;;132;305;43,28;0,2558;1,102;57;187;30,48;0,1193;0,935;60;190;31,58;0,1389;1,108;;Comparável
46;271;COLEGIO ESTADUAL BARAO DO RIO BRANCO;RUA SILVINO DAL BO, 85;;;;;;;;;;;44;191;23,04;0,0921;0,707;38;185;20,54;0,0879;0,721;;Comparável
46;272;COLEGIO ESTADUAL BARAO DO RIO BRANCO;RUA SILVINO DAL BO, 85;;;;;;153;366;41,80;0,2965;1,064;61;199;30,65;0,1277;0,941;72;194;37,11;0,1666;1,302;;Comparável
46;274;COLEGIO ESTADUAL BARAO DO RIO BRANCO;RUA SILVINO DAL BO, 85;;;;;;;;;;;44;175;25,14;0,0921;0,772;48;196;24,49;0,1111;0,859;;Comparável
46;276;COLEGIO ESTADUAL BARAO DO RIO BRANCO;RUA SILVINO DAL BO, 85;;;;;;136;297;45,79;0,2636;1,166;54;188;28,72;0,1130;0,882;44;192;22,92;0,1018;0,804;;Comparável
46;277;COLEGIO ESTADUAL BARAO DO RIO BRANCO;RUA SILVINO DAL BO, 85;;;;;;;;;;;56;167;33,53;0,1172;1,029;45;161;27,95;0,1041;0,980;;Comparável
46;278;COLEGIO ESTADUAL BARAO DO RIO BRANCO;RUA SILVINO DAL BO, 85;;;;;;111;311;35,69;0,2151;0,909;52;177;29,38;0,1088;0,902;45;186;24,19;0,1041;0,849;;Comparável
46;279;COLEGIO ESTADUAL BARAO DO RIO BRANCO;RUA SILVINO DAL BO, 85;;;;;;;;;;;39;177;22,03;0,0816;0,676;52;191;27,23;0,1203;0,955;;Comparável
46;280;COLEGIO ESTADUAL CARLOS DRUMOND DE ANDRADE;RUA CLAUDIO COUTINHO, 2020;;;;;;139;266;52,26;0,2694;1,331;;;;;;;;;;;;Só 2020
46;281;COLEGIO ESTADUAL CARLOS DRUMOND DE ANDRADE;RUA CLAUDIO COUTINHO, 2020;;;;;;93;218;42,66;0,1803;1,086;;;;;;;;;;;;Só 2020
46;282;COLEGIO ESTADUAL CARLOS DRUMOND DE ANDRADE;RUA CLAUDIO COUTINHO, 2020;;;;;;177;416;42,55;0,3431;1,083;;;;;;;;;;;;Só 2020
46;283;COLEGIO ESTADUAL CARLOS DRUMOND DE ANDRADE;RUA CLAUDIO COUTINHO, 2020;;;;;;106;248;42,74;0,2054;1,088;;;;;;;;;;;;Só 2020
46;285;COLEGIO ESTADUAL CARLOS DRUMOND DE ANDRADE;RUA CLAUDIO COUTINHO, 2020;;;;;;109;252;43,25;0,2113;1,101;;;;;;;;;;;;Só 2020
46;286;COLEGIO ESTADUAL CARLOS DRUMOND DE ANDRADE;RUA CLAUDIO COUTINHO, 2020;;;;;;92;241;38,17;0,1783;0,972;;;;;;;;;;;;Só 2020
46;287;COLEGIO ESTADUAL CARLOS DRUMOND DE ANDRADE;RUA CLAUDIO COUTINHO, 2020;;;;;;103;229;44,98;0,1996;1,145;;;;;;;;;;;;Só 2020
46;288;ESCOLA MUNICIPAL CORA CORALINA;RUA PACAEMBU, 2280;;;;;;89;235;37,87;0,1725;0,964;;;;;;;;;;;;Só 2020
46;289;ESCOLA MUNICIPAL CORA CORALINA;RUA PACAEMBU, 2280;;;;;;107;218;49,08;0,2074;1,250;;;;;;;;;;;;Só 2020
46;290;ESCOLA MUNICIPAL CORA CORALINA;RUA PACAEMBU, 2280;;;;;;112;232;48,28;0,2171;1,229;;;;;;;;;;;;Só 2020
46;291;ESCOLA MUNICIPAL CORA CORALINA;RUA PACAEMBU, 2280;;;;;;120;234;51,28;0,2326;1,306;;;;;;;;;;;;Só 2020
46;292;ESCOLA MUNICIPAL CORA CORALINA;RUA PACAEMBU, 2280;;;;;;108;238;45,38;0,2093;1,155;;;;;;;;;;;;Só 2020
46;293;ESCOLA MUNICIPAL CORA CORALINA;RUA PACAEMBU, 2280;;;;;;109;238;45,80;0,2113;1,166;;;;;;;;;;;;Só 2020
46;294;ESCOLA MUNICIPAL CORA CORALINA;RUA PACAEMBU, 2280;;;;;;92;230;40,00;0,1783;1,019;;;;;;;;;;;;Só 2020
46;295;ESCOLA MUNICIPAL CORA CORALINA;RUA PACAEMBU, 2280;;;;;;84;206;40,78;0,1628;1,038;;;;;;;;;;;;Só 2020
46;296;ESCOLA MUNICIPAL CORA CORALINA;RUA PACAEMBU, 2280;;;;;;124;278;44,60;0,2403;1,136;;;;;;;;;;;;Só 2020
46;297;ESCOLA MUNICIPAL ANTONIO GONCALVES DIAS;RUA PURUS, 234;;;;;;188;423;44,44;0,3644;1,132;80;242;33,06;0,1675;1,015;88;259;33,98;0,2037;1,192;;Comparável
46;299;ESCOLA MUNICIPAL ANTONIO GONCALVES DIAS;RUA PURUS, 234;;;;;;;;;;;73;253;28,85;0,1528;0,886;74;266;27,82;0,1713;0,976;;Comparável
46;300;ESCOLA MUNICIPAL ANTONIO GONCALVES DIAS;RUA PURUS, 234;;;;;;115;262;43,89;0,2229;1,118;77;238;32,35;0,1612;0,993;83;272;30,51;0,1921;1,070;;Comparável
46;302;ESCOLA MUNICIPAL ANTONIO GONCALVES DIAS;RUA PURUS, 234;;;;;;195;430;45,35;0,3779;1,155;63;245;25,71;0,1319;0,789;85;272;31,25;0,1967;1,096;;Comparável
46;303;ESCOLA MUNICIPAL ANTONIO GONCALVES DIAS;RUA PURUS, 234;;;;;;;;;;;63;244;25,82;0,1319;0,792;88;251;35,06;0,2037;1,230;;Comparável
46;304;ESCOLA MUNICIPAL ANTONIO GONCALVES DIAS;RUA PURUS, 234;;;;;;208;430;48,37;0,4031;1,232;82;254;32,28;0,1716;0,991;88;263;33,46;0,2037;1,174;;Comparável
46;305;ESCOLA MUNICIPAL ANTONIO GONCALVES DIAS;RUA PURUS, 234;;;;;;;;;;;67;241;27,80;0,1402;0,853;79;259;30,50;0,1828;1,070;;Comparável
46;306;ESCOLA MUNICIPAL OSVALDO CRUZ;RUA OCUÍ, 321;;;;;;97;225;43,11;0,1880;1,098;70;253;27,67;0,1465;0,849;81;264;30,68;0,1875;1,076;;Comparável
46;307;ESCOLA MUNICIPAL OSVALDO CRUZ;RUA OCUÍ, 321;;;;;;92;226;40,71;0,1783;1,037;80;259;30,89;0,1675;0,948;81;257;31,52;0,1875;1,106;;Comparável
46;308;ESCOLA MUNICIPAL OSVALDO CRUZ;RUA OCUÍ, 321;;;;;;96;207;46,38;0,1861;1,181;84;231;36,36;0,1758;1,116;84;243;34,57;0,1944;1,213;;Comparável
46;309;ESCOLA MUNICIPAL OSVALDO CRUZ;RUA OCUÍ, 321;;;;;;116;262;44,27;0,2248;1,127;83;246;33,74;0,1737;1,035;80;249;32,13;0,1852;1,127;;Comparável
46;310;ESCOLA MUNICIPAL OSVALDO CRUZ;RUA OCUÍ, 321;;;;;;107;232;46,12;0,2074;1,174;92;256;35,94;0,1926;1,103;99;256;38,67;0,2291;1,357;;Comparável
46;312;ESCOLA MUNICIPAL OSVALDO CRUZ;RUA OCUÍ, 321;;;;;;103;207;49,76;0,1996;1,267;67;234;28,63;0,1402;0,879;87;253;34,39;0,2014;1,206;;Comparável
46;313;COLEGIO ESTADUAL TANCREDO DE ALMEIDA NEVES;RUA JOSE CARLOS PACE, 1866;;;;;;126;251;50,20;0,2442;1,278;;;;;;;;;;;;Só 2020
46;314;COLEGIO ESTADUAL TANCREDO DE ALMEIDA NEVES;RUA JOSE CARLOS PACE, 1866;;;;;;118;253;46,64;0,2287;1,188;;;;;;;;;;;;Só 2020
46;315;COLEGIO ESTADUAL TANCREDO DE ALMEIDA NEVES;RUA JOSE CARLOS PACE, 1866;;;;;;122;278;43,88;0,2365;1,117;;;;;;;;;;;;Só 2020
46;316;COLEGIO ESTADUAL TANCREDO DE ALMEIDA NEVES;RUA JOSE CARLOS PACE, 1866;;;;;;123;284;43,31;0,2384;1,103;;;;;;;;;;;;Só 2020
46;317;COLEGIO ESTADUAL TANCREDO DE ALMEIDA NEVES;RUA JOSE CARLOS PACE, 1866;;;;;;109;272;40,07;0,2113;1,020;;;;;;;;;;;;Só 2020
46;318;COLEGIO ESTADUAL TANCREDO DE ALMEIDA NEVES;RUA JOSE CARLOS PACE, 1866;;;;;;125;260;48,08;0,2423;1,224;;;;;;;;;;;;Só 2020
46;319;COLEGIO ESTADUAL TANCREDO DE ALMEIDA NEVES;RUA JOSE CARLOS PACE, 1866;;;;;;102;256;39,84;0,1977;1,015;;;;;;;;;;;;Só 2020
46;320;COLEGIO ESTADUAL TANCREDO DE ALMEIDA NEVES;RUA JOSE CARLOS PACE, 1866;;;;;;118;259;45,56;0,2287;1,160;;;;;;;;;;;;Só 2020
46;321;COLEGIO ESTADUAL TANCREDO DE ALMEIDA NEVES;RUA JOSE CARLOS PACE, 1866;;;;;;99;251;39,44;0,1919;1,004;;;;;;;;;;;;Só 2020
46;322;COLEGIO ESTADUAL TANCREDO DE ALMEIDA NEVES;RUA JOSE CARLOS PACE, 1866;;;;;;108;257;42,02;0,2093;1,070;;;;;;;;;;;;Só 2020
46;323;COLEGIO ESTADUAL TANCREDO DE ALMEIDA NEVES;RUA JOSE CARLOS PACE, 1866;;;;;;116;241;48,13;0,2248;1,226;;;;;;;;;;;;Só 2020
46;324;COLEGIO ESTADUAL TANCREDO DE ALMEIDA NEVES;RUA JOSE CARLOS PACE, 1866;;;;;;129;284;45,42;0,2500;1,157;;;;;;;;;;;;Só 2020
46;325;COLEGIO ESTADUAL TANCREDO DE ALMEIDA NEVES;RUA JOSE CARLOS PACE, 1866;;;;;;107;272;39,34;0,2074;1,002;;;;;;;;;;;;Só 2020
46;326;COLEGIO ESTADUAL TANCREDO DE ALMEIDA NEVES;RUA JOSE CARLOS PACE, 1866;;;;;;118;242;48,76;0,2287;1,242;;;;;;;;;;;;Só 2020
46;327;ESCOLA MUNICIPAL EMILIO DE MENEZES;AVENIDA MARIO FILHO, 1252;;;;;;110;253;43,48;0,2132;1,107;;;;;;;;;;;;Só 2020
46;331;ESCOLA MUNICIPAL EMILIO DE MENEZES;AVENIDA MARIO FILHO, 1252;;;;;;195;405;48,15;0,3779;1,226;;;;;;;;;;;;Só 2020
46;332;ESCOLA MUNICIPAL EMILIO DE MENEZES;AVENIDA MARIO FILHO, 1252;;;;;;164;368;44,57;0,3179;1,135;;;;;;;;;;;;Só 2020
46;334;ESCOLA MUNICIPAL EMILIO DE MENEZES;AVENIDA MARIO FILHO, 1252;;;;;;183;396;46,21;0,3547;1,177;;;;;;;;;;;;Só 2020
46;338;ESCOLA MUNICIPAL EMILIO DE MENEZES;AVENIDA MARIO FILHO, 1252;;;;;;141;343;41,11;0,2733;1,047;;;;;;;;;;;;Só 2020
46;340;ESCOLA MUNICIPAL EMILIO DE MENEZES;AVENIDA MARIO FILHO, 1252;;;;;;160;347;46,11;0,3101;1,174;;;;;;;;;;;;Só 2020
46;342;COLÉGIO ESTADUAL JORGE SCHIMMELPFENG;AVENIDA POR DO SOL, 1855;;;;;;107;263;40,68;0,2074;1,036;;;;;;;;;;;;Só 2020
46;343;COLÉGIO ESTADUAL JORGE SCHIMMELPFENG;AVENIDA POR DO SOL, 1855;;;;;;118;267;44,19;0,2287;1,125;;;;;;;;;;;;Só 2020
46;344;COLÉGIO ESTADUAL JORGE SCHIMMELPFENG;AVENIDA POR DO SOL, 1855;;;;;;102;257;39,69;0,1977;1,011;;;;;;;;;;;;Só 2020
46;345;COLÉGIO ESTADUAL JORGE SCHIMMELPFENG;AVENIDA POR DO SOL, 1855;;;;;;128;261;49,04;0,2481;1,249;;;;;;;;;;;;Só 2020
46;346;COLÉGIO ESTADUAL JORGE SCHIMMELPFENG;AVENIDA POR DO SOL, 1855;;;;;;88;210;41,90;0,1706;1,067;;;;;;;;;;;;Só 2020
46;347;COLÉGIO ESTADUAL JORGE SCHIMMELPFENG;AVENIDA POR DO SOL, 1855;;;;;;102;233;43,78;0,1977;1,115;;;;;;;;;;;;Só 2020
46;348;COLÉGIO ESTADUAL JORGE SCHIMMELPFENG;AVENIDA POR DO SOL, 1855;;;;;;84;220;38,18;0,1628;0,972;;;;;;;;;;;;Só 2020
46;349;COLÉGIO ESTADUAL JORGE SCHIMMELPFENG;AVENIDA POR DO SOL, 1855;;;;;;106;260;40,77;0,2054;1,038;;;;;;;;;;;;Só 2020
46;350;COLÉGIO ESTADUAL JORGE SCHIMMELPFENG;AVENIDA POR DO SOL, 1855;;;;;;103;276;37,32;0,1996;0,950;;;;;;;;;;;;Só 2020
46;351;COLÉGIO ESTADUAL JORGE SCHIMMELPFENG;AVENIDA POR DO SOL, 1855;;;;;;108;247;43,72;0,2093;1,113;;;;;;;;;;;;Só 2020
46;352;COLÉGIO ESTADUAL JORGE SCHIMMELPFENG;AVENIDA POR DO SOL, 1855;;;;;;116;269;43,12;0,2248;1,098;;;;;;;;;;;;Só 2020
46;353;COLÉGIO ESTADUAL JORGE SCHIMMELPFENG;AVENIDA POR DO SOL, 1855;;;;;;134;312;42,95;0,2597;1,094;;;;;;;;;;;;Só 2020
46;354;COLÉGIO ESTADUAL JORGE SCHIMMELPFENG;AVENIDA POR DO SOL, 1855;;;;;;123;283;43,46;0,2384;1,107;;;;;;;;;;;;Só 2020
46;355;ESCOLA MUNICIPAL ERICO VERISSIMO;RUA  JORGE SANWAIS, 4375;;;;;;122;261;46,74;0,2365;1,190;111;275;40,36;0,2323;1,239;89;282;31,56;0,2060;1,107;;Comparável
46;356;ESCOLA MUNICIPAL ERICO VERISSIMO;RUA  JORGE SANWAIS, 4375;;;;;;93;231;40,26;0,1803;1,025;106;245;43,27;0,2219;1,328;90;273;32,97;0,2083;1,156;;Comparável
46;357;ESCOLA MUNICIPAL ERICO VERISSIMO;RUA  JORGE SANWAIS, 4375;;;;;;96;217;44,24;0,1861;1,126;89;228;39,04;0,1863;1,198;64;229;27,95;0,1481;0,980;;Comparável
46;358;ESCOLA MUNICIPAL ERICO VERISSIMO;RUA  JORGE SANWAIS, 4375;;;;;;97;217;44,70;0,1880;1,138;90;227;39,65;0,1884;1,217;74;240;30,83;0,1713;1,082;;Comparável
46;359;ESCOLA MUNICIPAL ERICO VERISSIMO;RUA  JORGE SANWAIS, 4375;;;;;;113;253;44,66;0,2190;1,137;115;263;43,73;0,2407;1,342;98;272;36,03;0,2268;1,264;;Comparável
46;360;ESCOLA MUNICIPAL ERICO VERISSIMO;RUA  JORGE SANWAIS, 4375;;;;;;116;256;45,31;0,2248;1,154;110;270;40,74;0,2302;1,250;78;270;28,89;0,1805;1,013;;Comparável
46;361;ESCOLA MUNICIPAL ERICO VERISSIMO;RUA  JORGE SANWAIS, 4375;;;;;;103;241;42,74;0,1996;1,088;91;262;34,73;0,1905;1,066;88;267;32,96;0,2037;1,156;;Comparável
46;362;ESCOLA MUNICIPAL ERICO VERISSIMO;RUA  JORGE SANWAIS, 4375;;;;;;87;239;36,40;0,1686;0,927;95;252;37,70;0,1988;1,157;82;260;31,54;0,1898;1,106;;Comparável
46;363;ESCOLA MUNICIPAL ERICO VERISSIMO;RUA  JORGE SANWAIS, 4375;;;;;;91;232;39,22;0,1764;0,999;97;249;38,96;0,2030;1,196;79;259;30,50;0,1828;1,070;;Comparável
46;364;ESCOLA MUNICIPAL ERICO VERISSIMO;RUA  JORGE SANWAIS, 4375;;;;;;84;236;35,59;0,1628;0,906;101;249;40,56;0,2114;1,245;81;265;30,57;0,1875;1,072;;Comparável
46;365;ESCOLA MUNICIPAL ERICO VERISSIMO;RUA  JORGE SANWAIS, 4375;;;;;;115;277;41,52;0,2229;1,057;110;264;41,67;0,2302;1,279;85;265;32,08;0,1967;1,125;;Comparável
46;366;ESCOLA MUNICIPAL ERICO VERISSIMO;RUA  JORGE SANWAIS, 4375;;;;;;117;262;44,66;0,2268;1,137;96;254;37,80;0,2009;1,160;85;270;31,48;0,1967;1,104;;Comparável
46;367;ESCOLA MUNICIPAL ERICO VERISSIMO;RUA  JORGE SANWAIS, 4375;;;;;;89;190;46,84;0,1725;1,193;78;207;37,68;0,1633;1,156;74;243;30,45;0,1713;1,068;;Comparável
46;368;ESCOLA MUNICIPAL ANTONIO GONCALVES DIAS;RUA PURUS, 234;;;;;;190;425;44,71;0,3683;1,138;67;251;26,69;0,1402;0,819;75;268;27,99;0,1736;0,982;;Comparável
46;369;ESCOLA MUNICIPAL ANTONIO GONCALVES DIAS;RUA PURUS, 234;;;;;;;;;;;70;240;29,17;0,1465;0,895;85;252;33,73;0,1967;1,183;;Comparável
46;370;ESCOLA MUNICIPAL ANTONIO GONCALVES DIAS;RUA PURUS, 234;;;;;;110;254;43,31;0,2132;1,103;93;269;34,57;0,1947;1,061;90;270;33,33;0,2083;1,169;;Comparável
46;372;COLÉGIO ESTADUAL JUSCELINO KUBITSCHEK DE OLIVEIRA;AVENIDA MORENITAS, 865;;;;;;170;431;39,44;0,3295;1,004;104;270;38,52;0,2177;1,182;75;264;28,41;0,1736;0,997;;Comparável
46;373;COLÉGIO ESTADUAL JUSCELINO KUBITSCHEK DE OLIVEIRA;AVENIDA MORENITAS, 865;;;;;;;;;;;93;272;34,19;0,1947;1,049;85;268;31,72;0,1967;1,113;;Comparável
46;374;COLÉGIO ESTADUAL JUSCELINO KUBITSCHEK DE OLIVEIRA;AVENIDA MORENITAS, 865;;;;;;;;;;;76;219;34,70;0,1591;1,065;63;234;26,92;0,1458;0,944;;Comparável
46;375;ESCOLA MUNICIPAL IRIO MANGANELLI (CAIC);AVENIDA POMPEU DE TOLEDO, 773;;;;;;54;157;34,39;0,1047;0,876;;;;;;;;;;;;Só 2020
46;383;CENTRO DE VISITANTES DO PARQUE NACIONAL DO IGUACU;RODOVIA DAS CATARATAS, KM 22,5;;;;;;35;99;35,35;0,0678;0,900;37;135;27,41;0,0774;0,841;38;155;24,52;0,0879;0,860;;Comparável
46;385;ESCOLA MUNICIPAL IRIO MANGANELLI (CAIC);AVENIDA POMPEU DE TOLEDO, 773;;;;;;107;255;41,96;0,2074;1,068;;;;;;;;;;;;Só 2020
46;386;ESCOLA MUNICIPAL IRIO MANGANELLI (CAIC);AVENIDA POMPEU DE TOLEDO, 773;;;;;;122;260;46,92;0,2365;1,195;;;;;;;;;;;;Só 2020
46;387;ESCOLA MUNICIPAL IRIO MANGANELLI (CAIC);AVENIDA POMPEU DE TOLEDO, 773;;;;;;121;252;48,02;0,2345;1,223;;;;;;;;;;;;Só 2020
46;388;ESCOLA MUNICIPAL IRIO MANGANELLI (CAIC);AVENIDA POMPEU DE TOLEDO, 773;;;;;;119;246;48,37;0,2306;1,232;;;;;;;;;;;;Só 2020
46;389;ESCOLA MUNICIPAL IRIO MANGANELLI (CAIC);AVENIDA POMPEU DE TOLEDO, 773;;;;;;151;338;44,67;0,2927;1,138;;;;;;;;;;;;Só 2020
46;391;ESCOLA MUNICIPAL IRIO MANGANELLI (CAIC);AVENIDA POMPEU DE TOLEDO, 773;;;;;;124;258;48,06;0,2403;1,224;;;;;;;;;;;;Só 2020
46;392;ESCOLA MUNICIPAL IRIO MANGANELLI (CAIC);AVENIDA POMPEU DE TOLEDO, 773;;;;;;120;258;46,51;0,2326;1,184;;;;;;;;;;;;Só 2020
46;393;ESCOLA MUNICIPAL IRIO MANGANELLI (CAIC);AVENIDA POMPEU DE TOLEDO, 773;;;;;;115;246;46,75;0,2229;1,190;;;;;;;;;;;;Só 2020
46;394;ESCOLA MUNICIPAL IRIO MANGANELLI (CAIC);AVENIDA POMPEU DE TOLEDO, 773;;;;;;115;255;45,10;0,2229;1,148;;;;;;;;;;;;Só 2020
46;395;ESCOLA MUNICIPAL IRIO MANGANELLI (CAIC);AVENIDA POMPEU DE TOLEDO, 773;;;;;;100;246;40,65;0,1938;1,035;;;;;;;;;;;;Só 2020
46;396;ESCOLA MUNICIPAL IRIO MANGANELLI (CAIC);AVENIDA POMPEU DE TOLEDO, 773;;;;;;125;286;43,71;0,2423;1,113;;;;;;;;;;;;Só 2020
46;397;COLEGIO ESTADUAL DOM PEDRO II;RUA BELFORT DUART, 1660;;;;;;122;292;41,78;0,2365;1,064;;;;;;;;;;;;Só 2020
46;398;COLEGIO ESTADUAL DOM PEDRO II;RUA BELFORT DUART, 1660;;;;;;139;289;48,10;0,2694;1,225;;;;;;;;;;;;Só 2020
46;399;COLEGIO ESTADUAL DOM PEDRO II;RUA BELFORT DUART, 1660;;;;;;129;275;46,91;0,2500;1,194;;;;;;;;;;;;Só 2020
46;400;COLEGIO ESTADUAL DOM PEDRO II;RUA BELFORT DUART, 1660;;;;;;132;274;48,18;0,2558;1,227;;;;;;;;;;;;Só 2020
46;401;COLEGIO ESTADUAL DOM PEDRO II;RUA BELFORT DUART, 1660;;;;;;133;293;45,39;0,2578;1,156;;;;;;;;;;;;Só 2020
46;402;COLEGIO ESTADUAL DOM PEDRO II;RUA BELFORT DUART, 1660;;;;;;132;282;46,81;0,2558;1,192;;;;;;;;;;;;Só 2020
46;403;COLEGIO ESTADUAL DOM PEDRO II;RUA BELFORT DUART, 1660;;;;;;95;225;42,22;0,1841;1,075;;;;;;;;;;;;Só 2020
46;404;COLEGIO ESTADUAL DOM PEDRO II;RUA BELFORT DUART, 1660;;;;;;102;247;41,30;0,1977;1,052;;;;;;;;;;;;Só 2020
46;405;COLEGIO ESTADUAL PIONEIROS;RUA PAULO SHERTNER, S/N;;;;;;123;282;43,62;0,2384;1,111;111;272;40,81;0,2323;1,252;84;238;35,29;0,1944;1,238;;Comparável
46;407;COLEGIO ESTADUAL PIONEIROS;RUA PAULO SHERTNER, S/N;;;;;;111;265;41,89;0,2151;1,067;87;254;34,25;0,1821;1,051;75;232;32,33;0,1736;1,134;;Comparável
46;408;COLEGIO ESTADUAL PIONEIROS;RUA PAULO SHERTNER, S/N;;;;;;142;291;48,80;0,2752;1,243;103;271;38,01;0,2156;1,166;88;249;35,34;0,2037;1,240;;Comparável
46;409;COLEGIO ESTADUAL PIONEIROS;RUA PAULO SHERTNER, S/N;;;;;;69;168;41,07;0,1337;1,046;95;230;41,30;0,1988;1,268;72;222;32,43;0,1666;1,138;;Comparável
46;410;ESCOLA MUNICIPAL AUGUSTO WERNER;RUA ATALAIA, 190;;;;;;165;394;41,88;0,3198;1,066;82;261;31,42;0,1716;0,964;73;262;27,86;0,1690;0,977;;Comparável
46;411;ESCOLA MUNICIPAL AUGUSTO WERNER;RUA ATALAIA, 190;;;;;;103;274;37,59;0,1996;0,957;81;263;30,80;0,1695;0,945;71;260;27,31;0,1643;0,958;;Comparável
46;412;ESCOLA MUNICIPAL AUGUSTO WERNER;RUA ATALAIA, 190;;;;;;;;;;;91;251;36,26;0,1905;1,113;74;261;28,35;0,1713;0,995;;Comparável
46;413;ESCOLA MUNICIPAL AUGUSTO WERNER;RUA ATALAIA, 190;;;;;;110;276;39,86;0,2132;1,015;73;271;26,94;0,1528;0,827;76;256;29,69;0,1759;1,041;;Comparável
46;414;ESCOLA MUNICIPAL AUGUSTO WERNER;RUA ATALAIA, 190;;;;;;89;278;32,01;0,1725;0,815;98;262;37,40;0,2051;1,148;62;258;24,03;0,1435;0,843;;Comparável
46;415;ESCOLA MUNICIPAL AUGUSTO WERNER;RUA ATALAIA, 190;;;;;;101;301;33,55;0,1958;0,854;84;294;28,57;0,1758;0,877;79;290;27,24;0,1828;0,956;;Comparável
46;416;COLEGIO ESTADUAL ULYSSES GUIMARAES;RUA BARTOLOMEU DE GUSMAO, 3535;;;;;;124;253;49,01;0,2403;1,248;82;259;31,66;0,1716;0,972;99;267;37,08;0,2291;1,301;;Comparável
46;417;COLEGIO ESTADUAL ULYSSES GUIMARAES;RUA BARTOLOMEU DE GUSMAO, 3535;;;;;;129;280;46,07;0,2500;1,173;89;285;31,23;0,1863;0,958;86;289;29,76;0,1990;1,044;;Comparável
46;418;COLEGIO ESTADUAL ULYSSES GUIMARAES;RUA BARTOLOMEU DE GUSMAO, 3535;;;;;;124;280;44,29;0,2403;1,128;113;308;36,69;0,2365;1,126;85;286;29,72;0,1967;1,043;;Comparável
46;419;COLEGIO ESTADUAL ULYSSES GUIMARAES;RUA BARTOLOMEU DE GUSMAO, 3535;;;;;;135;267;50,56;0,2617;1,287;76;269;28,25;0,1591;0,867;86;283;30,39;0,1990;1,066;;Comparável
46;420;COLEGIO ESTADUAL ULYSSES GUIMARAES;RUA BARTOLOMEU DE GUSMAO, 3535;;;;;;126;251;50,20;0,2442;1,278;92;258;35,66;0,1926;1,094;91;272;33,46;0,2106;1,174;;Comparável
46;422;COLEGIO ESTADUAL ULYSSES GUIMARAES;RUA BARTOLOMEU DE GUSMAO, 3535;;;;;;118;266;44,36;0,2287;1,130;98;280;35,00;0,2051;1,074;76;284;26,76;0,1759;0,939;;Comparável
46;423;COLEGIO ESTADUAL ULYSSES GUIMARAES;RUA BARTOLOMEU DE GUSMAO, 3535;;;;;;110;265;41,51;0,2132;1,057;96;285;33,68;0,2009;1,034;88;290;30,34;0,2037;1,064;;Comparável
46;424;COLEGIO ESTADUAL ULYSSES GUIMARAES;RUA BARTOLOMEU DE GUSMAO, 3535;;;;;;109;265;41,13;0,2113;1,047;90;277;32,49;0,1884;0,997;71;285;24,91;0,1643;0,874;;Comparável
46;425;COLEGIO ESTADUAL ULYSSES GUIMARAES;RUA BARTOLOMEU DE GUSMAO, 3535;;;;;;112;254;44,09;0,2171;1,123;81;256;31,64;0,1695;0,971;72;265;27,17;0,1666;0,953;;Comparável
46;426;COLEGIO ESTADUAL ULYSSES GUIMARAES;RUA BARTOLOMEU DE GUSMAO, 3535;;;;;;132;296;44,59;0,2558;1,136;95;292;32,53;0,1988;0,998;111;313;35,46;0,2569;1,244;;Comparável
46;427;COLEGIO ESTADUAL ULYSSES GUIMARAES;RUA BARTOLOMEU DE GUSMAO, 3535;;;;;;109;277;39,35;0,2113;1,002;89;295;30,17;0,1863;0,926;87;299;29,10;0,2014;1,021;;Comparável
46;428;COLEGIO ESTADUAL ULYSSES GUIMARAES;RUA BARTOLOMEU DE GUSMAO, 3535;;;;;;121;273;44,32;0,2345;1,129;94;270;34,81;0,1968;1,068;90;283;31,80;0,2083;1,116;;Comparável
46;429;COLEGIO ESTADUAL ULYSSES GUIMARAES;RUA BARTOLOMEU DE GUSMAO, 3535;;;;;;97;229;42,36;0,1880;1,079;83;242;34,30;0,1737;1,053;69;258;26,74;0,1597;0,938;;Comparável
46;430;ESCOLA MUNICIPAL CARLOS GOMES;ALAMEDA PONTAL, 148;;;;;;121;275;44,00;0,2345;1,120;88;248;35,48;0,1842;1,089;91;269;33,83;0,2106;1,187;;Comparável
46;431;ESCOLA MUNICIPAL CARLOS GOMES;ALAMEDA PONTAL, 148;;;;;;116;262;44,27;0,2248;1,127;85;262;32,44;0,1779;0,996;95;272;34,93;0,2199;1,225;;Comparável
46;432;ESCOLA MUNICIPAL CARLOS GOMES;ALAMEDA PONTAL, 148;;;;;;111;244;45,49;0,2151;1,158;70;239;29,29;0,1465;0,899;97;253;38,34;0,2245;1,345;;Comparável
46;433;ESCOLA MUNICIPAL CARLOS GOMES;ALAMEDA PONTAL, 148;;;;;;90;236;38,14;0,1744;0,971;73;251;29,08;0,1528;0,893;88;257;34,24;0,2037;1,201;;Comparável
46;434;ESCOLA MUNICIPAL CARLOS GOMES;ALAMEDA PONTAL, 148;;;;;;149;306;48,69;0,2888;1,240;78;236;33,05;0,1633;1,014;76;247;30,77;0,1759;1,079;;Comparável
46;435;CMEI CAMPOS DO IGUAÇU;RUA CAPIBARIBE,1695;;;;;;;;;;;70;217;32,26;0,1465;0,990;64;224;28,57;0,1481;1,002;;Comparável
46;436;ESCOLA MUNICIPAL FREDERICO ENGEL;AVENIDA AYRTON SENA, 41;;;;;;93;228;40,79;0,1803;1,039;95;286;33,22;0,1988;1,019;78;304;25,66;0,1805;0,900;;Comparável
46;437;ESCOLA MUNICIPAL FREDERICO ENGEL;AVENIDA AYRTON SENA, 41;;;;;;116;291;39,86;0,2248;1,015;83;283;29,33;0,1737;0,900;91;300;30,33;0,2106;1,064;;Comparável
46;438;ESCOLA MUNICIPAL FREDERICO ENGEL;AVENIDA AYRTON SENA, 41;;;;;;130;286;45,45;0,2520;1,157;98;289;33,91;0,2051;1,041;103;309;33,33;0,2384;1,169;;Comparável
46;439;ESCOLA MUNICIPAL FREDERICO ENGEL;AVENIDA AYRTON SENA, 41;;;;;;116;282;41,13;0,2248;1,047;94;298;31,54;0,1968;0,968;98;307;31,92;0,2268;1,120;;Comparável
46;440;ESCOLA MUNICIPAL FREDERICO ENGEL;AVENIDA AYRTON SENA, 41;;;;;;123;279;44,09;0,2384;1,123;100;294;34,01;0,2093;1,044;102;298;34,23;0,2361;1,201;;Comparável
46;441;ESCOLA MUNICIPAL FREDERICO ENGEL;AVENIDA AYRTON SENA, 41;;;;;;87;222;39,19;0,1686;0,998;86;259;33,20;0,1800;1,019;91;284;32,04;0,2106;1,124;;Comparável
46;442;ESCOLA MUNICIPAL FREDERICO ENGEL;AVENIDA AYRTON SENA, 41;;;;;;120;306;39,22;0,2326;0,999;114;304;37,50;0,2386;1,151;103;321;32,09;0,2384;1,126;;Comparável
46;443;ESCOLA MUNICIPAL JOAO XXIII;RUA JOSE CARLOS PACE, 304;;;;;;121;304;39,80;0,2345;1,013;;;;;;;;;;;;Só 2020
46;446;ESCOLA MUNICIPAL JOAO XXIII;RUA JOSE CARLOS PACE, 304;;;;;;95;231;41,13;0,1841;1,047;;;;;;;;;;;;Só 2020
46;448;ESCOLA MUNICIPAL JOAO XXIII;RUA JOSE CARLOS PACE, 304;;;;;;149;313;47,60;0,2888;1,212;;;;;;;;;;;;Só 2020
46;450;ESCOLA MUNICIPAL JOAO XXIII;RUA JOSE CARLOS PACE, 304;;;;;;132;305;43,28;0,2558;1,102;;;;;;;;;;;;Só 2020
46;452;ESCOLA MUNICIPAL JOAO XXIII;RUA JOSE CARLOS PACE, 304;;;;;;142;326;43,56;0,2752;1,109;;;;;;;;;;;;Só 2020
46;454;ESCOLA MUNICIPAL JOAO XXIII;RUA JOSE CARLOS PACE, 304;;;;;;74;159;46,54;0,1434;1,185;;;;;;;;;;;;Só 2020
46;456;ESCOLA MUNICIPAL PRINCESA ISABEL;AVENIDA DAS CATARATAS, KM 13;;;;;;82;224;36,61;0,1589;0,932;66;275;24,00;0,1381;0,737;62;272;22,79;0,1435;0,800;;Comparável
46;457;ESCOLA MUNICIPAL PRINCESA ISABEL;AVENIDA DAS CATARATAS, KM 13;;;;;;85;236;36,02;0,1647;0,917;55;260;21,15;0,1151;0,649;61;279;21,86;0,1412;0,767;;Comparável
46;460;COLÉGIO ESTADUAL MONSENHOR GUILHERME;RUA NAIPI, 261;;;;;;;;;;;62;230;26,96;0,1298;0,827;32;186;17,20;0,0741;0,603;;Comparável
46;463;ESCOLA MUNICIPAL AUGUSTO WERNER;RUA ATALAIA, 190;;;;;;;;;;;51;187;27,27;0,1068;0,837;42;232;18,10;0,0972;0,635;;Comparável
46;464;ESCOLA MUNICIPAL ADELE ZANOTTO SCALCO - CAIC;AVENIDA JAVIER KOELBL, 1923;;;;;;;;;;;58;223;26,01;0,1214;0,798;28;177;15,82;0,0648;0,555;;Comparável
46;465;COLÉGIO EDUCAÇÃO DINÂMICA (XODÓ DA VOVÓ/FACULDADE UDC);RUA CASTELO BRANCO, 349;;;;;;;;;;;101;311;32,48;0,2114;0,997;53;275;19,27;0,1227;0,676;;Comparável
46;466;ESCOLA MUNICIPAL PRESIDENTE GETULIO VARGAS;RUA SEMPRE VIVA, 347;;;;;;;;;;;39;115;33,91;0,0816;1,041;61;222;27,48;0,1412;0,964;;Comparável
46;467;COLEGIO CAESP;RUA ALMIRANTE BARROSO, 1086;;;;;;;;;;;35;126;27,78;0,0733;0,852;35;195;17,95;0,0810;0,630;;Comparável
46;469;COLEGIO ESTADUAL PIONEIROS;RUA PAULO SHERTNER, S/N;;;;;;;;;;;26;85;30,59;0,0544;0,939;50;193;25,91;0,1157;0,909;;Comparável
46;470;COLEGIO ESTADUAL ULYSSES GUIMARAES;RUA BARTOLOMEU DE GUSMAO, 3535;;;;;;;;;;;97;299;32,44;0,2030;0,996;56;241;23,24;0,1296;0,815;;Comparável
46;472;COLÉGIO ESTADUAL MONSENHOR GUILHERME;RUA NAIPI, 261;;;;;;;;;;;;;;;;36;191;18,85;0,0833;0,661;;Só 2026
46;473;ESCOLA MUNICIPAL JARDIM NAIPI;RUA VICENTE CELESTINO, 280;;;;;;;;;;;29;102;28,43;0,0607;0,873;42;205;20,49;0,0972;0,719;;Comparável
46;474;ESCOLA MUNICIPAL ADELE ZANOTTO SCALCO - CAIC;AVENIDA JAVIER KOELBL, 1923;;;;;;;;;;;66;284;23,24;0,1381;0,713;38;202;18,81;0,0879;0,660;;Comparável
46;475;ESCOLA MUNICIPAL ERICO VERISSIMO;RUA  JORGE SANWAIS, 4375;;;;;;;;;;;88;245;35,92;0,1842;1,102;84;247;34,01;0,1944;1,193;;Comparável
46;476;COLEGIO ESTADUAL ULYSSES GUIMARAES;RUA BARTOLOMEU DE GUSMAO, 3535;;;;;;;;;;;;;;;;71;262;27,10;0,1643;0,951;;Só 2026
46;477;COLÉGIO EDUCAÇÃO DINÂMICA (XODÓ DA VOVÓ/FACULDADE UDC);RUA CASTELO BRANCO, 349;;;;;;;;;;;;;;;;48;242;19,83;0,1111;0,696;;Só 2026
46;478;ESCOLA MUNICIPAL ADELE ZANOTTO SCALCO - CAIC;AVENIDA JAVIER KOELBL, 1923;;;;;;;;;;;;;;;;33;201;16,42;0,0764;0,576;;Só 2026
46;479;ESCOLA MUNICIPAL VINICIUS DE MORAES;RUA DAS ROSAS, 325;;;;;;;;;;;;;;;;68;222;30,63;0,1574;1,074;;Só 2026
104;27;ESCOLA MUNICIPAL CORA CORALINA;RUA PACAEMBU, 2280;;;;;;;;;;;102;247;41,30;0,2135;1,267;84;264;31,82;0,1944;1,116;;Comparável
104;28;ESCOLA MUNICIPAL CORA CORALINA;RUA PACAEMBU, 2280;;;;;;;;;;;90;251;35,86;0,1884;1,100;71;256;27,73;0,1643;0,973;;Comparável
104;29;ESCOLA MUNICIPAL CORA CORALINA;RUA PACAEMBU, 2280;;;;;;;;;;;95;254;37,40;0,1988;1,148;90;264;34,09;0,2083;1,196;;Comparável
104;30;ESCOLA MUNICIPAL CORA CORALINA;RUA PACAEMBU, 2280;;;;;;;;;;;110;263;41,83;0,2302;1,284;106;270;39,26;0,2453;1,377;;Comparável
104;31;ESCOLA MUNICIPAL CORA CORALINA;RUA PACAEMBU, 2280;;;;;;;;;;;92;244;37,70;0,1926;1,157;98;252;38,89;0,2268;1,364;;Comparável
104;32;ESCOLA MUNICIPAL CORA CORALINA;RUA PACAEMBU, 2280;;;;;;;;;;;102;243;41,98;0,2135;1,288;99;273;36,26;0,2291;1,272;;Comparável
104;33;ESCOLA MUNICIPAL CORA CORALINA;RUA PACAEMBU, 2280;;;;;;;;;;;92;248;37,10;0,1926;1,138;86;263;32,70;0,1990;1,147;;Comparável
104;34;ESCOLA MUNICIPAL CORA CORALINA;RUA PACAEMBU, 2280;;;;;;;;;;;92;220;41,82;0,1926;1,283;71;226;31,42;0,1643;1,102;;Comparável
104;35;ESCOLA MUNICIPAL CORA CORALINA;RUA PACAEMBU, 2280;;;;;;;;;;;96;272;35,29;0,2009;1,083;108;287;37,63;0,2500;1,320;;Comparável
104;36;COLEGIO ESTADUAL CARLOS DRUMOND DE ANDRADE;RUA CLAUDIO COUTINHO, 2020;;;;;;;;;;;98;270;36,30;0,2051;1,114;101;251;40,24;0,2338;1,411;;Comparável
104;37;COLEGIO ESTADUAL CARLOS DRUMOND DE ANDRADE;RUA CLAUDIO COUTINHO, 2020;;;;;;;;;;;90;244;36,89;0,1884;1,132;79;243;32,51;0,1828;1,140;;Comparável
104;38;COLEGIO ESTADUAL CARLOS DRUMOND DE ANDRADE;RUA CLAUDIO COUTINHO, 2020;;;;;;;;;;;73;219;33,33;0,1528;1,023;64;208;30,77;0,1481;1,079;;Comparável
104;39;COLEGIO ESTADUAL CARLOS DRUMOND DE ANDRADE;RUA CLAUDIO COUTINHO, 2020;;;;;;;;;;;104;260;40,00;0,2177;1,228;87;238;36,55;0,2014;1,282;;Comparável
104;40;COLEGIO ESTADUAL CARLOS DRUMOND DE ANDRADE;RUA CLAUDIO COUTINHO, 2020;;;;;;;;;;;90;272;33,09;0,1884;1,015;80;244;32,79;0,1852;1,150;;Comparável
104;41;COLEGIO ESTADUAL CARLOS DRUMOND DE ANDRADE;RUA CLAUDIO COUTINHO, 2020;;;;;;;;;;;98;274;35,77;0,2051;1,098;69;236;29,24;0,1597;1,026;;Comparável
104;42;COLEGIO ESTADUAL CARLOS DRUMOND DE ANDRADE;RUA CLAUDIO COUTINHO, 2020;;;;;;;;;;;84;250;33,60;0,1758;1,031;76;231;32,90;0,1759;1,154;;Comparável
104;43;COLEGIO ESTADUAL CARLOS DRUMOND DE ANDRADE;RUA CLAUDIO COUTINHO, 2020;;;;;;;;;;;90;260;34,62;0,1884;1,062;106;243;43,62;0,2453;1,530;;Comparável
104;44;COLEGIO ESTADUAL TANCREDO DE ALMEIDA NEVES;RUA JOSE CARLOS PACE, 1866;;;;;;;;;;;121;271;44,65;0,2533;1,370;94;252;37,30;0,2176;1,308;;Comparável
104;45;COLEGIO ESTADUAL TANCREDO DE ALMEIDA NEVES;RUA JOSE CARLOS PACE, 1866;;;;;;;;;;;103;254;40,55;0,2156;1,245;109;264;41,29;0,2523;1,448;;Comparável
104;46;COLEGIO ESTADUAL TANCREDO DE ALMEIDA NEVES;RUA JOSE CARLOS PACE, 1866;;;;;;;;;;;96;273;35,16;0,2009;1,079;98;265;36,98;0,2268;1,297;;Comparável
104;47;COLEGIO ESTADUAL TANCREDO DE ALMEIDA NEVES;RUA JOSE CARLOS PACE, 1866;;;;;;;;;;;106;271;39,11;0,2219;1,200;100;278;35,97;0,2314;1,262;;Comparável
104;48;COLEGIO ESTADUAL TANCREDO DE ALMEIDA NEVES;RUA JOSE CARLOS PACE, 1866;;;;;;;;;;;110;270;40,74;0,2302;1,250;94;268;35,07;0,2176;1,230;;Comparável
104;49;COLEGIO ESTADUAL TANCREDO DE ALMEIDA NEVES;RUA JOSE CARLOS PACE, 1866;;;;;;;;;;;95;255;37,25;0,1988;1,143;92;269;34,20;0,2129;1,200;;Comparável
104;50;COLEGIO ESTADUAL TANCREDO DE ALMEIDA NEVES;RUA JOSE CARLOS PACE, 1866;;;;;;;;;;;105;269;39,03;0,2198;1,198;100;262;38,17;0,2314;1,339;;Comparável
104;51;COLEGIO ESTADUAL TANCREDO DE ALMEIDA NEVES;RUA JOSE CARLOS PACE, 1866;;;;;;;;;;;109;265;41,13;0,2282;1,262;76;260;29,23;0,1759;1,025;;Comparável
104;52;COLEGIO ESTADUAL TANCREDO DE ALMEIDA NEVES;RUA JOSE CARLOS PACE, 1866;;;;;;;;;;;92;262;35,11;0,1926;1,078;86;275;31,27;0,1990;1,097;;Comparável
104;53;COLEGIO ESTADUAL TANCREDO DE ALMEIDA NEVES;RUA JOSE CARLOS PACE, 1866;;;;;;;;;;;101;254;39,76;0,2114;1,220;102;262;38,93;0,2361;1,366;;Comparável
104;54;COLEGIO ESTADUAL TANCREDO DE ALMEIDA NEVES;RUA JOSE CARLOS PACE, 1866;;;;;;;;;;;107;251;42,63;0,2240;1,308;97;264;36,74;0,2245;1,289;;Comparável
104;55;COLEGIO ESTADUAL TANCREDO DE ALMEIDA NEVES;RUA JOSE CARLOS PACE, 1866;;;;;;;;;;;116;297;39,06;0,2428;1,199;104;276;37,68;0,2407;1,322;;Comparável
104;56;COLEGIO ESTADUAL TANCREDO DE ALMEIDA NEVES;RUA JOSE CARLOS PACE, 1866;;;;;;;;;;;105;282;37,23;0,2198;1,143;93;267;34,83;0,2152;1,222;;Comparável
104;57;COLEGIO ESTADUAL TANCREDO DE ALMEIDA NEVES;RUA JOSE CARLOS PACE, 1866;;;;;;;;;;;94;234;40,17;0,1968;1,233;100;261;38,31;0,2314;1,344;;Comparável
104;58;COLEGIO ESTADUAL TANCREDO DE ALMEIDA NEVES;RUA JOSE CARLOS PACE, 1866;;;;;;;;;;;97;246;39,43;0,2030;1,210;80;247;32,39;0,1852;1,136;;Comparável
104;59;ESCOLA MUNICIPAL EMILIO DE MENEZES;AVENIDA MARIO FILHO, 1252;;;;;;;;;;;99;223;44,39;0,2072;1,362;73;210;34,76;0,1690;1,219;;Comparável
104;63;ESCOLA MUNICIPAL EMILIO DE MENEZES;AVENIDA MARIO FILHO, 1252;;;;;;;;;;;94;226;41,59;0,1968;1,276;92;199;46,23;0,2129;1,622;;Comparável
104;64;ESCOLA MUNICIPAL EMILIO DE MENEZES;AVENIDA MARIO FILHO, 1252;;;;;;;;;;;108;209;51,67;0,2261;1,586;68;201;33,83;0,1574;1,187;;Comparável
104;65;ESCOLA MUNICIPAL EMILIO DE MENEZES;AVENIDA MARIO FILHO, 1252;;;;;;;;;;;68;194;35,05;0,1423;1,076;68;202;33,66;0,1574;1,181;;Comparável
104;66;ESCOLA MUNICIPAL EMILIO DE MENEZES;AVENIDA MARIO FILHO, 1252;;;;;;;;;;;99;228;43,42;0,2072;1,333;77;208;37,02;0,1782;1,299;;Comparável
104;68;ESCOLA MUNICIPAL EMILIO DE MENEZES;AVENIDA MARIO FILHO, 1252;;;;;;;;;;;70;176;39,77;0,1465;1,221;73;195;37,44;0,1690;1,313;;Comparável
104;69;ESCOLA MUNICIPAL EMILIO DE MENEZES;AVENIDA MARIO FILHO, 1252;;;;;;;;;;;82;201;40,80;0,1716;1,252;75;205;36,59;0,1736;1,283;;Comparável
104;70;ESCOLA MUNICIPAL EMILIO DE MENEZES;AVENIDA MARIO FILHO, 1252;;;;;;;;;;;83;202;41,09;0,1737;1,261;57;198;28,79;0,1319;1,010;;Comparável
104;71;ESCOLA MUNICIPAL EMILIO DE MENEZES;AVENIDA MARIO FILHO, 1252;;;;;;;;;;;79;196;40,31;0,1654;1,237;71;205;34,63;0,1643;1,215;;Comparável
104;72;ESCOLA MUNICIPAL EMILIO DE MENEZES;AVENIDA MARIO FILHO, 1252;;;;;;;;;;;73;204;35,78;0,1528;1,098;68;199;34,17;0,1574;1,199;;Comparável
104;73;ESCOLA MUNICIPAL EMILIO DE MENEZES;AVENIDA MARIO FILHO, 1252;;;;;;;;;;;89;197;45,18;0,1863;1,386;76;210;36,19;0,1759;1,269;;Comparável
104;74;ESCOLA MUNICIPAL IRIO MANGANELLI (CAIC);AVENIDA POMPEU DE TOLEDO, 773;;;;;;;;;;;83;228;36,40;0,1737;1,117;59;223;26,46;0,1365;0,928;;Comparável
104;82;ESCOLA MUNICIPAL IRIO MANGANELLI (CAIC);AVENIDA POMPEU DE TOLEDO, 773;;;;;;;;;;;104;258;40,31;0,2177;1,237;93;248;37,50;0,2152;1,315;;Comparável
104;83;ESCOLA MUNICIPAL IRIO MANGANELLI (CAIC);AVENIDA POMPEU DE TOLEDO, 773;;;;;;;;;;;88;257;34,24;0,1842;1,051;92;252;36,51;0,2129;1,281;;Comparável
104;84;ESCOLA MUNICIPAL IRIO MANGANELLI (CAIC);AVENIDA POMPEU DE TOLEDO, 773;;;;;;;;;;;91;257;35,41;0,1905;1,087;92;264;34,85;0,2129;1,222;;Comparável
104;85;ESCOLA MUNICIPAL IRIO MANGANELLI (CAIC);AVENIDA POMPEU DE TOLEDO, 773;;;;;;;;;;;104;254;40,94;0,2177;1,257;93;254;36,61;0,2152;1,284;;Comparável
104;86;ESCOLA MUNICIPAL IRIO MANGANELLI (CAIC);AVENIDA POMPEU DE TOLEDO, 773;;;;;;;;;;;100;246;40,65;0,2093;1,248;72;246;29,27;0,1666;1,027;;Comparável
104;87;ESCOLA MUNICIPAL IRIO MANGANELLI (CAIC);AVENIDA POMPEU DE TOLEDO, 773;;;;;;;;;;;93;241;38,59;0,1947;1,184;74;229;32,31;0,1713;1,134;;Comparável
104;88;ESCOLA MUNICIPAL IRIO MANGANELLI (CAIC);AVENIDA POMPEU DE TOLEDO, 773;;;;;;;;;;;104;259;40,15;0,2177;1,232;75;244;30,74;0,1736;1,078;;Comparável
104;89;ESCOLA MUNICIPAL IRIO MANGANELLI (CAIC);AVENIDA POMPEU DE TOLEDO, 773;;;;;;;;;;;89;254;35,04;0,1863;1,075;80;249;32,13;0,1852;1,127;;Comparável
104;90;ESCOLA MUNICIPAL IRIO MANGANELLI (CAIC);AVENIDA POMPEU DE TOLEDO, 773;;;;;;;;;;;117;257;45,53;0,2449;1,397;96;240;40,00;0,2222;1,403;;Comparável
104;91;ESCOLA MUNICIPAL IRIO MANGANELLI (CAIC);AVENIDA POMPEU DE TOLEDO, 773;;;;;;;;;;;98;257;38,13;0,2051;1,170;106;270;39,26;0,2453;1,377;;Comparável
104;92;ESCOLA MUNICIPAL IRIO MANGANELLI (CAIC);AVENIDA POMPEU DE TOLEDO, 773;;;;;;;;;;;97;250;38,80;0,2030;1,191;75;241;31,12;0,1736;1,092;;Comparável
104;93;ESCOLA MUNICIPAL IRIO MANGANELLI (CAIC);AVENIDA POMPEU DE TOLEDO, 773;;;;;;;;;;;108;277;38,99;0,2261;1,197;94;278;33,81;0,2176;1,186;;Comparável
104;94;COLEGIO ESTADUAL DOM PEDRO II;RUA BELFORT DUART, 1660;;;;;;;;;;;111;313;35,46;0,2323;1,088;107;304;35,20;0,2476;1,235;;Comparável
104;95;COLEGIO ESTADUAL DOM PEDRO II;RUA BELFORT DUART, 1660;;;;;;;;;;;130;287;45,30;0,2721;1,390;116;283;40,99;0,2685;1,438;;Comparável
104;96;COLEGIO ESTADUAL DOM PEDRO II;RUA BELFORT DUART, 1660;;;;;;;;;;;122;303;40,26;0,2554;1,236;98;274;35,77;0,2268;1,255;;Comparável
104;97;COLEGIO ESTADUAL DOM PEDRO II;RUA BELFORT DUART, 1660;;;;;;;;;;;110;298;36,91;0,2302;1,133;111;283;39,22;0,2569;1,376;;Comparável
104;98;COLEGIO ESTADUAL DOM PEDRO II;RUA BELFORT DUART, 1660;;;;;;;;;;;108;300;36,00;0,2261;1,105;111;285;38,95;0,2569;1,366;;Comparável
104;99;COLEGIO ESTADUAL DOM PEDRO II;RUA BELFORT DUART, 1660;;;;;;;;;;;119;308;38,64;0,2491;1,186;97;283;34,28;0,2245;1,202;;Comparável
104;100;COLEGIO ESTADUAL DOM PEDRO II;RUA BELFORT DUART, 1660;;;;;;;;;;;106;245;43,27;0,2219;1,328;86;241;35,68;0,1990;1,252;;Comparável
104;101;COLEGIO ESTADUAL DOM PEDRO II;RUA BELFORT DUART, 1660;;;;;;;;;;;98;269;36,43;0,2051;1,118;70;246;28,46;0,1620;0,998;;Comparável
104;102;COLEGIO ESTADUAL DOM PEDRO II;RUA BELFORT DUART, 1660;;;;;;;;;;;84;220;38,18;0,1758;1,172;69;237;29,11;0,1597;1,021;;Comparável
104;103;ESCOLA MUNICIPAL JOAO XXIII;RUA JOSE CARLOS PACE, 304;;;;;;;;;;;110;266;41,35;0,2302;1,269;91;257;35,41;0,2106;1,242;;Comparável
104;106;ESCOLA MUNICIPAL JOAO XXIII;RUA JOSE CARLOS PACE, 304;;;;;;;;;;;105;261;40,23;0,2198;1,235;85;262;32,44;0,1967;1,138;;Comparável
104;108;ESCOLA MUNICIPAL JOAO XXIII;RUA JOSE CARLOS PACE, 304;;;;;;;;;;;136;292;46,58;0,2847;1,429;115;266;43,23;0,2662;1,517;;Comparável
104;110;ESCOLA MUNICIPAL JOAO XXIII;RUA JOSE CARLOS PACE, 304;;;;;;;;;;;106;285;37,19;0,2219;1,141;94;256;36,72;0,2176;1,288;;Comparável
104;112;ESCOLA MUNICIPAL JOAO XXIII;RUA JOSE CARLOS PACE, 304;;;;;;;;;;;102;287;35,54;0,2135;1,091;96;275;34,91;0,2222;1,225;;Comparável
104;114;ESCOLA MUNICIPAL JOAO XXIII;RUA JOSE CARLOS PACE, 304;;;;;;;;;;;92;242;38,02;0,1926;1,167;89;242;36,78;0,2060;1,290;;Comparável
104;116;ESCOLA MUNICIPAL JOAO XXIII;RUA JOSE CARLOS PACE, 304;;;;;;;;;;;32;82;39,02;0,0670;1,198;63;225;28,00;0,1458;0,982;;Comparável
104;117;COLÉGIO ESTADUAL JORGE SCHIMMELPFENG;AVENIDA POR DO SOL, 1855;;;;;;;;;;;79;290;27,24;0,1654;0,836;81;290;27,93;0,1875;0,980;;Comparável
104;118;COLÉGIO ESTADUAL JORGE SCHIMMELPFENG;AVENIDA POR DO SOL, 1855;;;;;;;;;;;87;270;32,22;0,1821;0,989;76;284;26,76;0,1759;0,939;;Comparável
104;119;COLÉGIO ESTADUAL JORGE SCHIMMELPFENG;AVENIDA POR DO SOL, 1855;;;;;;;;;;;87;288;30,21;0,1821;0,927;90;289;31,14;0,2083;1,092;;Comparável
104;120;COLÉGIO ESTADUAL JORGE SCHIMMELPFENG;AVENIDA POR DO SOL, 1855;;;;;;;;;;;83;278;29,86;0,1737;0,916;96;278;34,53;0,2222;1,211;;Comparável
104;121;COLÉGIO ESTADUAL JORGE SCHIMMELPFENG;AVENIDA POR DO SOL, 1855;;;;;;;;;;;83;262;31,68;0,1737;0,972;68;269;25,28;0,1574;0,887;;Comparável
104;122;COLÉGIO ESTADUAL JORGE SCHIMMELPFENG;AVENIDA POR DO SOL, 1855;;;;;;;;;;;80;276;28,99;0,1675;0,890;81;266;30,45;0,1875;1,068;;Comparável
104;123;COLÉGIO ESTADUAL JORGE SCHIMMELPFENG;AVENIDA POR DO SOL, 1855;;;;;;;;;;;80;255;31,37;0,1675;0,963;78;274;28,47;0,1805;0,999;;Comparável
104;124;COLÉGIO ESTADUAL JORGE SCHIMMELPFENG;AVENIDA POR DO SOL, 1855;;;;;;;;;;;82;263;31,18;0,1716;0,957;83;260;31,92;0,1921;1,120;;Comparável
104;125;COLÉGIO ESTADUAL JORGE SCHIMMELPFENG;AVENIDA POR DO SOL, 1855;;;;;;;;;;;84;275;30,55;0,1758;0,937;78;271;28,78;0,1805;1,010;;Comparável
104;126;COLÉGIO ESTADUAL JORGE SCHIMMELPFENG;AVENIDA POR DO SOL, 1855;;;;;;;;;;;67;268;25,00;0,1402;0,767;70;266;26,32;0,1620;0,923;;Comparável
104;127;COLÉGIO ESTADUAL JORGE SCHIMMELPFENG;AVENIDA POR DO SOL, 1855;;;;;;;;;;;90;272;33,09;0,1884;1,015;92;262;35,11;0,2129;1,232;;Comparável
104;128;COLÉGIO ESTADUAL JORGE SCHIMMELPFENG;AVENIDA POR DO SOL, 1855;;;;;;;;;;;91;305;29,84;0,1905;0,916;89;310;28,71;0,2060;1,007;;Comparável
104;129;COLÉGIO ESTADUAL JORGE SCHIMMELPFENG;AVENIDA POR DO SOL, 1855;;;;;;;;;;;88;302;29,14;0,1842;0,894;84;285;29,47;0,1944;1,034;;Comparável
104;131;COLEGIO ESTADUAL AYRTON SENNA DA SILVA;POCOS DE CALDAS 54;;;;;;;;;;;78;228;34,21;0,1633;1,050;65;244;26,64;0,1504;0,934;;Comparável
104;132;COLEGIO ESTADUAL AYRTON SENNA DA SILVA;POCOS DE CALDAS 54;;;;;;;;;;;84;233;36,05;0,1758;1,106;56;256;21,88;0,1296;0,767;;Comparável
104;133;COLEGIO ESTADUAL AYRTON SENNA DA SILVA;POCOS DE CALDAS 54;;;;;;;;;;;76;263;28,90;0,1591;0,887;70;270;25,93;0,1620;0,909;;Comparável
104;134;COLEGIO ESTADUAL AYRTON SENNA DA SILVA;POCOS DE CALDAS 54;;;;;;;;;;;82;250;32,80;0,1716;1,007;77;264;29,17;0,1782;1,023;;Comparável
104;135;COLEGIO ESTADUAL AYRTON SENNA DA SILVA;POCOS DE CALDAS 54;;;;;;;;;;;77;257;29,96;0,1612;0,919;68;276;24,64;0,1574;0,864;;Comparável
104;136;COLEGIO ESTADUAL AYRTON SENNA DA SILVA;POCOS DE CALDAS 54;;;;;;;;;;;75;277;27,08;0,1570;0,831;82;272;30,15;0,1898;1,057;;Comparável
104;137;COLEGIO ESTADUAL AYRTON SENNA DA SILVA;POCOS DE CALDAS 54;;;;;;;;;;;89;254;35,04;0,1863;1,075;83;273;30,40;0,1921;1,066;;Comparável
104;138;COLEGIO ESTADUAL AYRTON SENNA DA SILVA;POCOS DE CALDAS 54;;;;;;;;;;;93;267;34,83;0,1947;1,069;58;271;21,40;0,1342;0,751;;Comparável
104;139;COLEGIO ESTADUAL AYRTON SENNA DA SILVA;POCOS DE CALDAS 54;;;;;;;;;;;90;248;36,29;0,1884;1,114;62;261;23,75;0,1435;0,833;;Comparável
104;140;COLEGIO ESTADUAL AYRTON SENNA DA SILVA;POCOS DE CALDAS 54;;;;;;;;;;;80;260;30,77;0,1675;0,944;67;272;24,63;0,1551;0,864;;Comparável
104;141;COLEGIO ESTADUAL AYRTON SENNA DA SILVA;POCOS DE CALDAS 54;;;;;;;;;;;83;270;30,74;0,1737;0,943;64;272;23,53;0,1481;0,825;;Comparável
104;142;COLEGIO ESTADUAL AYRTON SENNA DA SILVA;POCOS DE CALDAS 54;;;;;;;;;;;77;251;30,68;0,1612;0,941;67;261;25,67;0,1551;0,900;;Comparável
104;143;COLEGIO ESTADUAL AYRTON SENNA DA SILVA;POCOS DE CALDAS 54;;;;;;;;;;;64;271;23,62;0,1340;0,725;59;279;21,15;0,1365;0,742;;Comparável
104;144;COLEGIO ESTADUAL AYRTON SENNA DA SILVA;POCOS DE CALDAS 54;;;;;;;;;;;58;264;21,97;0,1214;0,674;63;273;23,08;0,1458;0,809;;Comparável
104;145;COLEGIO ESTADUAL AYRTON SENNA DA SILVA;POCOS DE CALDAS 54;;;;;;;;;;;82;270;30,37;0,1716;0,932;90;288;31,25;0,2083;1,096;;Comparável
104;146;COLEGIO ESTADUAL AYRTON SENNA DA SILVA;POCOS DE CALDAS 54;;;;;;;;;;;78;239;32,64;0,1633;1,002;68;246;27,64;0,1574;0,970;;Comparável
104;147;COLEGIO ESTADUAL AYRTON SENNA DA SILVA;POCOS DE CALDAS 54;;;;;;;;;;;71;241;29,46;0,1486;0,904;57;247;23,08;0,1319;0,809;;Comparável
104;148;ESCOLA MUNICIPAL JOAO ADAO DA SILVA;RUA JULIO BRECHER, 450 - LOTEAMENTO LAGOA DOURADA;;;;;;;;;;;107;240;44,58;0,2240;1,368;57;213;26,76;0,1319;0,939;;Comparável
104;149;ESCOLA MUNICIPAL JOAO ADAO DA SILVA;RUA JULIO BRECHER, 450 - LOTEAMENTO LAGOA DOURADA;;;;;;;;;;;106;249;42,57;0,2219;1,306;84;258;32,56;0,1944;1,142;;Comparável
104;150;ESCOLA MUNICIPAL JOAO ADAO DA SILVA;RUA JULIO BRECHER, 450 - LOTEAMENTO LAGOA DOURADA;;;;;;;;;;;91;243;37,45;0,1905;1,149;84;244;34,43;0,1944;1,208;;Comparável
104;151;ESCOLA MUNICIPAL JOAO ADAO DA SILVA;RUA JULIO BRECHER, 450 - LOTEAMENTO LAGOA DOURADA;;;;;;;;;;;114;260;43,85;0,2386;1,346;79;257;30,74;0,1828;1,078;;Comparável
104;152;ESCOLA MUNICIPAL JOAO ADAO DA SILVA;RUA JULIO BRECHER, 450 - LOTEAMENTO LAGOA DOURADA;;;;;;;;;;;100;241;41,49;0,2093;1,273;59;237;24,89;0,1365;0,873;;Comparável
104;153;ESCOLA MUNICIPAL JOAO ADAO DA SILVA;RUA JULIO BRECHER, 450 - LOTEAMENTO LAGOA DOURADA;;;;;;;;;;;103;242;42,56;0,2156;1,306;67;246;27,24;0,1551;0,955;;Comparável
104;154;ESCOLA MUNICIPAL JOAO ADAO DA SILVA;RUA JULIO BRECHER, 450 - LOTEAMENTO LAGOA DOURADA;;;;;;;;;;;100;242;41,32;0,2093;1,268;72;241;29,88;0,1666;1,048;;Comparável
104;156;ESCOLA MUNICIPAL JOAO ADAO DA SILVA;RUA JULIO BRECHER, 450 - LOTEAMENTO LAGOA DOURADA;;;;;;;;;;;118;289;40,83;0,2470;1,253;94;258;36,43;0,2176;1,278;;Comparável
104;157;ESCOLA MUNICIPAL JOAO ADAO DA SILVA;RUA JULIO BRECHER, 450 - LOTEAMENTO LAGOA DOURADA;;;;;;;;;;;108;236;45,76;0,2261;1,404;65;232;28,02;0,1504;0,983;;Comparável
104;158;ESCOLA MUNICIPAL JOAO ADAO DA SILVA;RUA JULIO BRECHER, 450 - LOTEAMENTO LAGOA DOURADA;;;;;;;;;;;80;192;41,67;0,1675;1,279;42;189;22,22;0,0972;0,780;;Comparável
104;159;ESCOLA MUNICIPAL DR DIRCEU LOPES;RUA DAS ÁGUIAS, 185;;;;;;;;;;;73;257;28,40;0,1528;0,872;69;258;26,74;0,1597;0,938;;Comparável
104;161;ESCOLA MUNICIPAL DR DIRCEU LOPES;RUA DAS ÁGUIAS, 185;;;;;;;;;;;74;255;29,02;0,1549;0,891;73;250;29,20;0,1690;1,024;;Comparável
104;162;ESCOLA MUNICIPAL DR DIRCEU LOPES;RUA DAS ÁGUIAS, 185;;;;;;;;;;;71;207;34,30;0,1486;1,053;59;198;29,80;0,1365;1,045;;Comparável
104;164;ESCOLA MUNICIPAL DR DIRCEU LOPES;RUA DAS ÁGUIAS, 185;;;;;;;;;;;87;255;34,12;0,1821;1,047;76;264;28,79;0,1759;1,010;;Comparável
104;166;ESCOLA MUNICIPAL DR DIRCEU LOPES;RUA DAS ÁGUIAS, 185;;;;;;;;;;;71;225;31,56;0,1486;0,968;65;235;27,66;0,1504;0,970;;Comparável
104;169;ESCOLA MUNICIPAL DR DIRCEU LOPES;RUA DAS ÁGUIAS, 185;;;;;;;;;;;75;213;35,21;0,1570;1,081;61;228;26,75;0,1412;0,938;;Comparável
104;171;COLÉGIO ESTADUAL CATARATAS DO IGUAÇU;RUA HENRIQUE BERNADELLI, 300;;;;;;;;;;;88;277;31,77;0,1842;0,975;88;269;32,71;0,2037;1,148;;Comparável
104;172;COLÉGIO ESTADUAL CATARATAS DO IGUAÇU;RUA HENRIQUE BERNADELLI, 300;;;;;;;;;;;85;296;28,72;0,1779;0,881;83;278;29,86;0,1921;1,047;;Comparável
104;173;COLÉGIO ESTADUAL CATARATAS DO IGUAÇU;RUA HENRIQUE BERNADELLI, 300;;;;;;;;;;;94;287;32,75;0,1968;1,005;92;294;31,29;0,2129;1,098;;Comparável
104;174;COLÉGIO ESTADUAL CATARATAS DO IGUAÇU;RUA HENRIQUE BERNADELLI, 300;;;;;;;;;;;77;254;30,32;0,1612;0,930;71;235;30,21;0,1643;1,060;;Comparável
104;175;COLÉGIO ESTADUAL CATARATAS DO IGUAÇU;RUA HENRIQUE BERNADELLI, 300;;;;;;;;;;;87;292;29,79;0,1821;0,914;90;275;32,73;0,2083;1,148;;Comparável
104;176;COLÉGIO ESTADUAL CATARATAS DO IGUAÇU;RUA HENRIQUE BERNADELLI, 300;;;;;;;;;;;91;287;31,71;0,1905;0,973;90;273;32,97;0,2083;1,156;;Comparável
104;177;COLÉGIO ESTADUAL CATARATAS DO IGUAÇU;RUA HENRIQUE BERNADELLI, 300;;;;;;;;;;;91;297;30,64;0,1905;0,940;65;271;23,99;0,1504;0,841;;Comparável
104;178;COLÉGIO ESTADUAL CATARATAS DO IGUAÇU;RUA HENRIQUE BERNADELLI, 300;;;;;;;;;;;88;275;32,00;0,1842;0,982;77;257;29,96;0,1782;1,051;;Comparável
104;179;COLÉGIO ESTADUAL CATARATAS DO IGUAÇU;RUA HENRIQUE BERNADELLI, 300;;;;;;;;;;;104;293;35,49;0,2177;1,089;99;277;35,74;0,2291;1,254;;Comparável
104;180;COLÉGIO ESTADUAL CATARATAS DO IGUAÇU;RUA HENRIQUE BERNADELLI, 300;;;;;;;;;;;98;289;33,91;0,2051;1,041;92;269;34,20;0,2129;1,200;;Comparável
104;181;COLÉGIO ESTADUAL CATARATAS DO IGUAÇU;RUA HENRIQUE BERNADELLI, 300;;;;;;;;;;;106;274;38,69;0,2219;1,187;77;259;29,73;0,1782;1,043;;Comparável
104;182;COLÉGIO ESTADUAL CATARATAS DO IGUAÇU;RUA HENRIQUE BERNADELLI, 300;;;;;;;;;;;77;238;32,35;0,1612;0,993;82;244;33,61;0,1898;1,179;;Comparável
104;183;CESUFOZ - CENTRO DE ENSINO SUPERIOR DE FOZ DO IGUAÇU;AVENIDA PARANA  3695;;;;;;;;;;;76;248;30,65;0,1591;0,940;59;275;21,45;0,1365;0,753;;Comparável
104;185;CESUFOZ - CENTRO DE ENSINO SUPERIOR DE FOZ DO IGUAÇU;AVENIDA PARANA  3695;;;;;;;;;;;61;235;25,96;0,1277;0,797;59;259;22,78;0,1365;0,799;;Comparável
104;187;CESUFOZ - CENTRO DE ENSINO SUPERIOR DE FOZ DO IGUAÇU;AVENIDA PARANA  3695;;;;;;;;;;;74;253;29,25;0,1549;0,898;60;279;21,51;0,1389;0,754;;Comparável
104;189;CESUFOZ - CENTRO DE ENSINO SUPERIOR DE FOZ DO IGUAÇU;AVENIDA PARANA  3695;;;;;;;;;;;60;246;24,39;0,1256;0,749;52;250;20,80;0,1203;0,730;;Comparável
104;190;CESUFOZ - CENTRO DE ENSINO SUPERIOR DE FOZ DO IGUAÇU;AVENIDA PARANA  3695;;;;;;;;;;;70;240;29,17;0,1465;0,895;52;246;21,14;0,1203;0,741;;Comparável
104;191;CESUFOZ - CENTRO DE ENSINO SUPERIOR DE FOZ DO IGUAÇU;AVENIDA PARANA  3695;;;;;;;;;;;50;167;29,94;0,1047;0,919;36;217;16,59;0,0833;0,582;;Comparável
104;192;CESUFOZ - CENTRO DE ENSINO SUPERIOR DE FOZ DO IGUAÇU;AVENIDA PARANA  3695;;;;;;;;;;;36;145;24,83;0,0754;0,762;43;239;17,99;0,0995;0,631;;Comparável
104;193;COLÉGIO MONJOLO;RUA DAVID MUFFATO 374;;;;;;;;;;;75;271;27,68;0,1570;0,849;54;237;22,78;0,1250;0,799;;Comparável
104;194;COLÉGIO MONJOLO;RUA DAVID MUFFATO 374;;;;;;;;;;;73;233;31,33;0,1528;0,962;26;214;12,15;0,0602;0,426;;Comparável
104;195;COLÉGIO MONJOLO;RUA DAVID MUFFATO 374;;;;;;;;;;;72;197;36,55;0,1507;1,122;15;200;7,50;0,0347;0,263;;Comparável
104;196;COLÉGIO MONJOLO;RUA DAVID MUFFATO 374;;;;;;;;;;;42;162;25,93;0,0879;0,796;20;219;9,13;0,0463;0,320;;Comparável
104;197;COLÉGIO ESTADUAL DR ARNALDO BUSATO;RUA ARAUCÁRIA, 7510;;;;;;;;;;;112;275;40,73;0,2344;1,250;108;276;39,13;0,2500;1,373;;Comparável
104;198;COLÉGIO ESTADUAL DR ARNALDO BUSATO;RUA ARAUCÁRIA, 7510;;;;;;;;;;;108;257;42,02;0,2261;1,290;90;263;34,22;0,2083;1,200;;Comparável
104;199;COLÉGIO ESTADUAL DR ARNALDO BUSATO;RUA ARAUCÁRIA, 7510;;;;;;;;;;;97;249;38,96;0,2030;1,196;83;266;31,20;0,1921;1,095;;Comparável
104;200;COLÉGIO ESTADUAL DR ARNALDO BUSATO;RUA ARAUCÁRIA, 7510;;;;;;;;;;;105;257;40,86;0,2198;1,254;90;267;33,71;0,2083;1,182;;Comparável
104;201;COLÉGIO ESTADUAL DR ARNALDO BUSATO;RUA ARAUCÁRIA, 7510;;;;;;;;;;;87;233;37,34;0,1821;1,146;85;244;34,84;0,1967;1,222;;Comparável
104;202;COLÉGIO ESTADUAL DR ARNALDO BUSATO;RUA ARAUCÁRIA, 7510;;;;;;;;;;;109;242;45,04;0,2282;1,382;76;236;32,20;0,1759;1,130;;Comparável
104;203;COLÉGIO ESTADUAL DR ARNALDO BUSATO;RUA ARAUCÁRIA, 7510;;;;;;;;;;;95;251;37,85;0,1988;1,162;80;252;31,75;0,1852;1,114;;Comparável
104;204;COLÉGIO ESTADUAL DR ARNALDO BUSATO;RUA ARAUCÁRIA, 7510;;;;;;;;;;;109;251;43,43;0,2282;1,333;89;261;34,10;0,2060;1,196;;Comparável
104;205;COLÉGIO ESTADUAL DR ARNALDO BUSATO;RUA ARAUCÁRIA, 7510;;;;;;;;;;;99;258;38,37;0,2072;1,178;82;256;32,03;0,1898;1,124;;Comparável
104;206;COLÉGIO ESTADUAL DR ARNALDO BUSATO;RUA ARAUCÁRIA, 7510;;;;;;;;;;;96;249;38,55;0,2009;1,183;92;277;33,21;0,2129;1,165;;Comparável
104;207;COLÉGIO ESTADUAL DR ARNALDO BUSATO;RUA ARAUCÁRIA, 7510;;;;;;;;;;;97;249;38,96;0,2030;1,196;81;256;31,64;0,1875;1,110;;Comparável
104;208;COLÉGIO ESTADUAL DR ARNALDO BUSATO;RUA ARAUCÁRIA, 7510;;;;;;;;;;;106;257;41,25;0,2219;1,266;92;262;35,11;0,2129;1,232;;Comparável
104;209;COLÉGIO ESTADUAL DR ARNALDO BUSATO;RUA ARAUCÁRIA, 7510;;;;;;;;;;;112;256;43,75;0,2344;1,343;79;259;30,50;0,1828;1,070;;Comparável
104;210;COLÉGIO ESTADUAL DR ARNALDO BUSATO;RUA ARAUCÁRIA, 7510;;;;;;;;;;;98;248;39,52;0,2051;1,213;83;256;32,42;0,1921;1,137;;Comparável
104;211;COLÉGIO ESTADUAL DR ARNALDO BUSATO;RUA ARAUCÁRIA, 7510;;;;;;;;;;;108;241;44,81;0,2261;1,375;72;242;29,75;0,1666;1,044;;Comparável
104;212;COLÉGIO ESTADUAL DR ARNALDO BUSATO;RUA ARAUCÁRIA, 7510;;;;;;;;;;;85;212;40,09;0,1779;1,230;53;204;25,98;0,1227;0,911;;Comparável
104;213;COLEGIO ESTADUAL ALMIRO SARTORI;RUA POMBAS, 440;;;;;;;;;;;95;244;38,93;0,1988;1,195;83;264;31,44;0,1921;1,103;;Comparável
104;214;COLEGIO ESTADUAL ALMIRO SARTORI;RUA POMBAS, 440;;;;;;;;;;;87;274;31,75;0,1821;0,974;84;277;30,32;0,1944;1,064;;Comparável
104;215;COLEGIO ESTADUAL ALMIRO SARTORI;RUA POMBAS, 440;;;;;;;;;;;88;269;32,71;0,1842;1,004;93;278;33,45;0,2152;1,173;;Comparável
104;216;COLEGIO ESTADUAL ALMIRO SARTORI;RUA POMBAS, 440;;;;;;;;;;;82;254;32,28;0,1716;0,991;77;270;28,52;0,1782;1,000;;Comparável
104;217;COLEGIO ESTADUAL ALMIRO SARTORI;RUA POMBAS, 440;;;;;;;;;;;72;251;28,69;0,1507;0,880;80;244;32,79;0,1852;1,150;;Comparável
104;218;COLEGIO ESTADUAL ALMIRO SARTORI;RUA POMBAS, 440;;;;;;;;;;;91;280;32,50;0,1905;0,997;76;279;27,24;0,1759;0,956;;Comparável
104;219;COLEGIO ESTADUAL ALMIRO SARTORI;RUA POMBAS, 440;;;;;;;;;;;92;271;33,95;0,1926;1,042;77;270;28,52;0,1782;1,000;;Comparável
104;220;COLEGIO ESTADUAL ALMIRO SARTORI;RUA POMBAS, 440;;;;;;;;;;;92;285;32,28;0,1926;0,991;106;297;35,69;0,2453;1,252;;Comparável
104;221;COLEGIO ESTADUAL ALMIRO SARTORI;RUA POMBAS, 440;;;;;;;;;;;92;276;33,33;0,1926;1,023;86;289;29,76;0,1990;1,044;;Comparável
104;222;COLEGIO ESTADUAL ALMIRO SARTORI;RUA POMBAS, 440;;;;;;;;;;;91;290;31,38;0,1905;0,963;108;279;38,71;0,2500;1,358;;Comparável
104;223;COLÉGIO ESTADUAL SOL DE MAIO → CMEI CLAUDIO DA SILVA LOURENÇO;RUA PEDRO FRANCISCO KERU, 120, CONJ. RESIDENCIAL SOL DE MAIO;;;;;;;;;;;79;242;32,64;0,1654;1,002;63;251;25,10;0,1458;0,880;;Local diferente
104;224;COLÉGIO ESTADUAL SOL DE MAIO → CMEI CLAUDIO DA SILVA LOURENÇO;RUA PEDRO FRANCISCO KERU, 120, CONJ. RESIDENCIAL SOL DE MAIO;;;;;;;;;;;95;256;37,11;0,1988;1,139;68;237;28,69;0,1574;1,006;;Local diferente
104;225;COLÉGIO ESTADUAL SOL DE MAIO → CMEI CLAUDIO DA SILVA LOURENÇO;RUA PEDRO FRANCISCO KERU, 120, CONJ. RESIDENCIAL SOL DE MAIO;;;;;;;;;;;93;256;36,33;0,1947;1,115;68;257;26,46;0,1574;0,928;;Local diferente
104;226;COLÉGIO ESTADUAL SOL DE MAIO;RUA PEDRO FRANCISCO KERU, 120, CONJ. RESIDENCIAL SOL DE MAIO;;;;;;;;;;;88;261;33,72;0,1842;1,035;79;252;31,35;0,1828;1,100;;Comparável
104;227;COLÉGIO ESTADUAL SOL DE MAIO → CMEI CLAUDIO DA SILVA LOURENÇO;RUA PEDRO FRANCISCO KERU, 120, CONJ. RESIDENCIAL SOL DE MAIO;;;;;;;;;;;96;244;39,34;0,2009;1,207;91;251;36,26;0,2106;1,272;;Local diferente
104;228;COLÉGIO ESTADUAL SOL DE MAIO;RUA PEDRO FRANCISCO KERU, 120, CONJ. RESIDENCIAL SOL DE MAIO;;;;;;;;;;;90;254;35,43;0,1884;1,087;83;275;30,18;0,1921;1,059;;Comparável
104;229;COLÉGIO ESTADUAL SOL DE MAIO;RUA PEDRO FRANCISCO KERU, 120, CONJ. RESIDENCIAL SOL DE MAIO;;;;;;;;;;;86;245;35,10;0,1800;1,077;78;266;29,32;0,1805;1,029;;Comparável
104;230;COLÉGIO ESTADUAL SOL DE MAIO → CMEI CLAUDIO DA SILVA LOURENÇO;RUA PEDRO FRANCISCO KERU, 120, CONJ. RESIDENCIAL SOL DE MAIO;;;;;;;;;;;120;282;42,55;0,2512;1,306;86;265;32,45;0,1990;1,138;;Local diferente
104;231;COLÉGIO ESTADUAL SOL DE MAIO;RUA PEDRO FRANCISCO KERU, 120, CONJ. RESIDENCIAL SOL DE MAIO;;;;;;;;;;;102;262;38,93;0,2135;1,195;73;260;28,08;0,1690;0,985;;Comparável
104;232;ESCOLA MUNICIPAL JOAO DA COSTA VIANNA;RUA MUNDAU, 340;;;;;;;;;;;88;227;38,77;0,1842;1,190;76;244;31,15;0,1759;1,093;;Comparável
104;233;ESCOLA MUNICIPAL JOAO DA COSTA VIANNA;RUA MUNDAU, 340;;;;;;;;;;;85;190;44,74;0,1779;1,373;71;210;33,81;0,1643;1,186;;Comparável
104;234;ESCOLA MUNICIPAL JOAO DA COSTA VIANNA;RUA MUNDAU, 340;;;;;;;;;;;94;211;44,55;0,1968;1,367;73;225;32,44;0,1690;1,138;;Comparável
104;235;ESCOLA MUNICIPAL JOAO DA COSTA VIANNA;RUA MUNDAU, 340;;;;;;;;;;;81;220;36,82;0,1695;1,130;82;218;37,61;0,1898;1,319;;Comparável
104;236;ESCOLA MUNICIPAL JOAO DA COSTA VIANNA;RUA MUNDAU, 340;;;;;;;;;;;100;226;44,25;0,2093;1,358;68;213;31,92;0,1574;1,120;;Comparável
104;237;ESCOLA MUNICIPAL JOAO DA COSTA VIANNA;RUA MUNDAU, 340;;;;;;;;;;;73;230;31,74;0,1528;0,974;79;233;33,91;0,1828;1,189;;Comparável
104;238;ESCOLA MUNICIPAL JOAO DA COSTA VIANNA;RUA MUNDAU, 340;;;;;;;;;;;76;208;36,54;0,1591;1,121;60;224;26,79;0,1389;0,940;;Comparável
104;239;ESCOLA MUNICIPAL JOAO DA COSTA VIANNA;RUA MUNDAU, 340;;;;;;;;;;;84;215;39,07;0,1758;1,199;77;216;35,65;0,1782;1,250;;Comparável
104;240;ESCOLA MUNICIPAL JOAO DA COSTA VIANNA;RUA MUNDAU, 340;;;;;;;;;;;80;208;38,46;0,1675;1,180;75;211;35,55;0,1736;1,247;;Comparável
104;241;ESCOLA MUNICIPAL JOAO DA COSTA VIANNA;RUA MUNDAU, 340;;;;;;;;;;;88;213;41,31;0,1842;1,268;67;216;31,02;0,1551;1,088;;Comparável
104;242;ESCOLA MUNICIPAL JOAO DA COSTA VIANNA;RUA MUNDAU, 340;;;;;;;;;;;91;213;42,72;0,1905;1,311;77;224;34,38;0,1782;1,206;;Comparável
104;243;ESCOLA MUNICIPAL JOAO DA COSTA VIANNA;RUA MUNDAU, 340;;;;;;;;;;;95;223;42,60;0,1988;1,307;76;217;35,02;0,1759;1,229;;Comparável
104;244;ESCOLA MUNICIPAL JOAO DA COSTA VIANNA;RUA MUNDAU, 340;;;;;;;;;;;88;233;37,77;0,1842;1,159;77;236;32,63;0,1782;1,144;;Comparável
104;245;ESCOLA MUNICIPAL JOAO DA COSTA VIANNA;RUA MUNDAU, 340;;;;;;;;;;;86;224;38,39;0,1800;1,178;73;225;32,44;0,1690;1,138;;Comparável
104;246;ESCOLA MUNICIPAL JOAO DA COSTA VIANNA;RUA MUNDAU, 340;;;;;;;;;;;73;211;34,60;0,1528;1,062;61;213;28,64;0,1412;1,005;;Comparável
104;247;ESCOLA MUNICIPAL JOAO DA COSTA VIANNA;RUA MUNDAU, 340;;;;;;;;;;;69;161;42,86;0,1444;1,315;55;175;31,43;0,1273;1,102;;Comparável
104;248;ESCOLA MUNICIPAL JOAO DA COSTA VIANNA;RUA MUNDAU, 340;;;;;;;;;;;92;218;42,20;0,1926;1,295;88;221;39,82;0,2037;1,397;;Comparável
104;249;ESCOLA MUNICIPAL JOAO DA COSTA VIANNA;RUA MUNDAU, 340;;;;;;;;;;;88;219;40,18;0,1842;1,233;84;219;38,36;0,1944;1,345;;Comparável
104;250;ESCOLA MUNICIPAL JOAO DA COSTA VIANNA;RUA MUNDAU, 340;;;;;;;;;;;75;221;33,94;0,1570;1,042;57;222;25,68;0,1319;0,901;;Comparável
104;251;ESCOLA MUNICIPAL JOAO DA COSTA VIANNA;RUA MUNDAU, 340;;;;;;;;;;;90;231;38,96;0,1884;1,196;67;237;28,27;0,1551;0,992;;Comparável
104;252;COLEGIO INTERATIVA FOZ DO IGUAÇU;RUA IPATINGA, 269;;;;;;;;;;;50;185;27,03;0,1047;0,829;61;190;32,11;0,1412;1,126;;Comparável
104;253;COLEGIO INTERATIVA FOZ DO IGUAÇU;RUA IPATINGA, 269;;;;;;;;;;;52;180;28,89;0,1088;0,887;41;188;21,81;0,0949;0,765;;Comparável
104;254;COLEGIO INTERATIVA FOZ DO IGUAÇU;RUA IPATINGA, 269;;;;;;;;;;;47;166;28,31;0,0984;0,869;53;192;27,60;0,1227;0,968;;Comparável
104;255;COLEGIO INTERATIVA FOZ DO IGUAÇU;RUA IPATINGA, 269;;;;;;;;;;;56;178;31,46;0,1172;0,966;59;183;32,24;0,1365;1,131;;Comparável
104;257;COLEGIO INTERATIVA FOZ DO IGUAÇU;RUA IPATINGA, 269;;;;;;;;;;;48;189;25,40;0,1005;0,779;65;210;30,95;0,1504;1,086;;Comparável
104;258;COLEGIO INTERATIVA FOZ DO IGUAÇU;RUA IPATINGA, 269;;;;;;;;;;;50;164;30,49;0,1047;0,936;68;190;35,79;0,1574;1,255;;Comparável
104;259;COLEGIO INTERATIVA FOZ DO IGUAÇU;RUA IPATINGA, 269;;;;;;;;;;;53;182;29,12;0,1109;0,894;65;207;31,40;0,1504;1,101;;Comparável
104;260;COLEGIO INTERATIVA FOZ DO IGUAÇU;RUA IPATINGA, 269;;;;;;;;;;;46;195;23,59;0,0963;0,724;61;207;29,47;0,1412;1,034;;Comparável
104;261;COLEGIO INTERATIVA FOZ DO IGUAÇU;RUA IPATINGA, 269;;;;;;;;;;;55;182;30,22;0,1151;0,927;62;194;31,96;0,1435;1,121;;Comparável
104;262;ESCOLA MUNICIPAL TRÊS BANDEIRAS;RUA JOÃO CÂMARA FILHO, 320;;;;;;;;;;;60;223;26,91;0,1256;0,826;58;254;22,83;0,1342;0,801;;Comparável
104;263;ESCOLA MUNICIPAL ROSALIA DE AMORIM SILVA;RUA CACIQUE, 883;;;;;;;;;;;68;224;30,36;0,1423;0,932;49;262;18,70;0,1134;0,656;;Comparável
104;264;COLÉGIO ESTADUAL DR ARNALDO BUSATO;RUA ARAUCÁRIA, 7510;;;;;;;;;;;106;249;42,57;0,2219;1,306;58;232;25,00;0,1342;0,877;;Comparável
104;265;COLÉGIO ESTADUAL SOL DE MAIO;RUA PEDRO FRANCISCO KERU, 120, CONJ. RESIDENCIAL SOL DE MAIO;;;;;;;;;;;53;178;29,78;0,1109;0,914;71;239;29,71;0,1643;1,042;;Comparável
104;266;COLEGIO ESTADUAL DOM PEDRO II;RUA BELFORT DUART, 1660;;;;;;;;;;;42;116;36,21;0,0879;1,111;80;243;32,92;0,1852;1,155;;Comparável
104;267;ESCOLA MUNICIPAL ROSALIA DE AMORIM SILVA;RUA CACIQUE, 883;;;;;;;;;;;34;88;38,64;0,0712;1,186;45;273;16,48;0,1041;0,578;;Comparável
104;268;ESCOLA MUNICIPAL JOAO ADAO DA SILVA;RUA JULIO BRECHER, 450 - LOTEAMENTO LAGOA DOURADA;;;;;;;;;;;29;66;43,94;0,0607;1,348;44;210;20,95;0,1018;0,735;;Comparável
104;269;ESCOLA MUNICIPAL TRÊS BANDEIRAS;RUA JOÃO CÂMARA FILHO, 320;;;;;;;;;;;;;;;;66;275;24,00;0,1527;0,842;;Só 2026
104;270;COLÉGIO MONJOLO;RUA DAVID MUFFATO 374;;;;;;;;;;;;;;;;11;173;6,36;0,0255;0,223;;Só 2026
147;1;COLEGIO ESTADUAL PRESIDENTE COSTA E SILVA;RUA DAS MISSOES 1958;84;199;42,21;0,1444;1,005;143;358;39,94;0,2772;1,017;55;218;25,23;0,1151;0,774;65;237;27,43;0,1504;0,962;0,0060;Comparável
147;4;COLEGIO ESTADUAL PRESIDENTE COSTA E SILVA;RUA DAS MISSOES 1958;81;187;43,32;0,1393;1,031;142;367;38,69;0,2752;0,985;58;211;27,49;0,1214;0,844;51;222;22,97;0,1180;0,806;-0,0213;Comparável
147;5;COLEGIO ESTADUAL PRESIDENTE COSTA E SILVA;RUA DAS MISSOES 1958;72;174;41,38;0,1238;0,985;126;348;36,21;0,2442;0,922;48;197;24,37;0,1005;0,748;57;230;24,78;0,1319;0,869;0,0081;Comparável
147;8;COLEGIO ESTADUAL PRESIDENTE COSTA E SILVA;RUA DAS MISSOES 1958;82;181;45,30;0,1410;1,078;;;;;;70;225;31,11;0,1465;0,955;72;234;30,77;0,1666;1,079;0,0256;Comparável
147;9;COLEGIO ESTADUAL PRESIDENTE COSTA E SILVA;RUA DAS MISSOES 1958;77;181;42,54;0,1324;1,013;;;;;;65;213;30,52;0,1361;0,937;65;238;27,31;0,1504;0,958;0,0180;Comparável
147;10;COLEGIO ESTADUAL PRESIDENTE COSTA E SILVA;RUA DAS MISSOES 1958;73;173;42,20;0,1255;1,004;;;;;;63;209;30,14;0,1319;0,925;54;220;24,55;0,1250;0,861;-0,0005;Comparável
147;11;COLEGIO ESTADUAL PRESIDENTE COSTA E SILVA;RUA DAS MISSOES 1958;54;166;32,53;0,0928;0,774;;;;;;72;221;32,58;0,1507;1,000;59;236;25,00;0,1365;0,877;0,0437;Comparável
147;14;ESCOLA MUNICIPAL PONTE DA AMIZADE;AV TANCREDO NEVES 3159;30;126;23,81;0,0516;0,567;103;369;27,91;0,1996;0,711;74;218;33,95;0,1549;1,042;35;237;14,77;0,0810;0,518;0,0294;Comparável
147;15;ESCOLA MUNICIPAL PONTE DA AMIZADE;AV TANCREDO NEVES 3159;57;204;27,94;0,0980;0,665;;;;;;75;214;35,05;0,1570;1,076;38;224;16,96;0,0879;0,595;-0,0101;Comparável
147;16;ESCOLA MUNICIPAL PONTE DA AMIZADE;AV TANCREDO NEVES 3159;77;248;31,05;0,1324;0,739;79;255;30,98;0,1531;0,789;103;251;41,04;0,2156;1,259;41;244;16,80;0,0949;0,589;-0,0375;Comparável
147;17;COLEGIO ESTADUAL PRESIDENTE COSTA E SILVA;RUA DAS MISSOES 1958;59;179;32,96;0,1014;0,785;151;387;39,02;0,2927;0,994;51;214;23,83;0,1068;0,731;49;230;21,30;0,1134;0,747;0,0120;Comparável
147;18;COLEGIO ESTADUAL PRESIDENTE COSTA E SILVA;RUA DAS MISSOES 1958;71;176;40,34;0,1221;0,960;;;;;;71;213;33,33;0,1486;1,023;55;224;24,55;0,1273;0,861;0,0052;Comparável
147;19;COLEGIO ESTADUAL PRESIDENTE COSTA E SILVA;RUA DAS MISSOES 1958;105;259;40,54;0,1805;0,965;72;209;34,45;0,1395;0,877;60;207;28,99;0,1256;0,890;66;230;28,70;0,1527;1,007;-0,0278;Comparável
147;21;COLEGIO ANGLO AMERICANO;AVENIDA PARANA 5661 - ZONA URBANA;77;210;36,67;0,1324;0,873;68;224;30,36;0,1318;0,773;76;257;29,57;0,1591;0,908;51;246;20,73;0,1180;0,727;-0,0144;Comparável
147;22;COLEGIO ANGLO AMERICANO;AVENIDA PARANA 5661 - ZONA URBANA;86;212;40,57;0,1479;0,966;76;234;32,48;0,1473;0,827;63;254;24,80;0,1319;0,761;49;241;20,33;0,1134;0,713;-0,0345;Comparável
147;23;COLEGIO ANGLO AMERICANO;AVENIDA PARANA 5661 - ZONA URBANA;84;208;40,38;0,1444;0,961;68;233;29,18;0,1318;0,743;59;243;24,28;0,1235;0,745;64;239;26,78;0,1481;0,939;0,0037;Comparável
147;24;COLEGIO ANGLO AMERICANO;AVENIDA PARANA 5661 - ZONA URBANA;82;208;39,42;0,1410;0,938;80;227;35,24;0,1551;0,897;67;251;26,69;0,1402;0,819;58;250;23,20;0,1342;0,814;-0,0068;Comparável
147;25;COLEGIO ANGLO AMERICANO;AVENIDA PARANA 5661 - ZONA URBANA;72;205;35,12;0,1238;0,836;69;229;30,13;0,1337;0,767;73;237;30,80;0,1528;0,945;58;231;25,11;0,1342;0,881;0,0104;Comparável
147;26;COLEGIO ANGLO AMERICANO;AVENIDA PARANA 5661 - ZONA URBANA;87;206;42,23;0,1496;1,005;81;218;37,16;0,1570;0,946;58;224;25,89;0,1214;0,795;48;213;22,54;0,1111;0,790;-0,0385;Comparável
147;27;COLEGIO ANGLO AMERICANO;AVENIDA PARANA 5661 - ZONA URBANA;81;200;40,50;0,1393;0,964;79;239;33,05;0,1531;0,842;63;238;26,47;0,1319;0,812;53;221;23,98;0,1227;0,841;-0,0166;Comparável
147;28;COLEGIO ANGLO AMERICANO;AVENIDA PARANA 5661 - ZONA URBANA;64;199;32,16;0,1100;0,765;70;216;32,41;0,1357;0,825;62;233;26,61;0,1298;0,817;61;226;26,99;0,1412;0,947;0,0312;Comparável
147;32;ESCOLA MUNICIPAL CANDIDO PORTINARI;RUA GASPAR 499;57;177;32,20;0,0980;0,766;127;379;33,51;0,2461;0,853;79;252;31,35;0,1654;0,962;75;264;28,41;0,1736;0,997;0,0756;Comparável
147;33;ESCOLA MUNICIPAL CANDIDO PORTINARI;RUA GASPAR 499;53;186;28,49;0,0911;0,678;106;357;29,69;0,2054;0,756;74;241;30,71;0,1549;0,942;57;244;23,36;0,1319;0,819;0,0408;Comparável
147;44;COLEGIO ANGLO AMERICANO;AVENIDA PARANA 5661 - ZONA URBANA;57;205;27,80;0,0980;0,662;51;211;24,17;0,0988;0,615;60;237;25,32;0,1256;0,777;54;230;23,48;0,1250;0,824;0,0270;Comparável
147;45;COLEGIO ANGLO AMERICANO;AVENIDA PARANA 5661 - ZONA URBANA;77;205;37,56;0,1324;0,894;59;212;27,83;0,1144;0,709;73;246;29,67;0,1528;0,911;57;236;24,15;0,1319;0,847;-0,0005;Comparável
147;46;COLEGIO ANGLO AMERICANO;AVENIDA PARANA 5661 - ZONA URBANA;68;221;30,77;0,1169;0,732;76;222;34,23;0,1473;0,872;75;258;29,07;0,1570;0,892;62;244;25,41;0,1435;0,891;0,0266;Comparável
147;47;COLEGIO ANGLO AMERICANO;AVENIDA PARANA 5661 - ZONA URBANA;67;211;31,75;0,1152;0,756;66;205;32,20;0,1279;0,820;48;231;20,78;0,1005;0,638;57;220;25,91;0,1319;0,909;0,0167;Comparável
147;48;COLEGIO ANGLO AMERICANO;AVENIDA PARANA 5661 - ZONA URBANA;83;205;40,49;0,1427;0,964;65;220;29,55;0,1260;0,752;71;244;29,10;0,1486;0,893;55;231;23,81;0,1273;0,835;-0,0154;Comparável
147;49;COLEGIO ANGLO AMERICANO;AVENIDA PARANA 5661 - ZONA URBANA;86;217;39,63;0,1479;0,943;75;244;30,74;0,1454;0,783;66;248;26,61;0,1381;0,817;44;239;18,41;0,1018;0,646;-0,0461;Comparável
147;50;COLEGIO ANGLO AMERICANO;AVENIDA PARANA 5661 - ZONA URBANA;77;219;35,16;0,1324;0,837;71;226;31,42;0,1376;0,800;61;239;25,52;0,1277;0,783;55;232;23,71;0,1273;0,832;-0,0051;Comparável
147;51;COLEGIO ANGLO AMERICANO;AVENIDA PARANA 5661 - ZONA URBANA;84;221;38,01;0,1444;0,905;80;224;35,71;0,1551;0,909;55;236;23,31;0,1151;0,715;58;241;24,07;0,1342;0,844;-0,0102;Comparável
147;52;COLEGIO ANGLO AMERICANO;AVENIDA PARANA 5661 - ZONA URBANA;79;208;37,98;0,1358;0,904;65;221;29,41;0,1260;0,749;69;236;29,24;0,1444;0,897;57;241;23,65;0,1319;0,830;-0,0039;Comparável
147;53;COLEGIO ANGLO AMERICANO;AVENIDA PARANA 5661 - ZONA URBANA;95;219;43,38;0,1633;1,032;88;237;37,13;0,1706;0,945;59;243;24,28;0,1235;0,745;59;235;25,11;0,1365;0,881;-0,0268;Comparável
147;54;COLEGIO ANGLO AMERICANO;AVENIDA PARANA 5661 - ZONA URBANA;93;208;44,71;0,1599;1,064;82;228;35,96;0,1589;0,916;62;242;25,62;0,1298;0,786;50;225;22,22;0,1157;0,780;-0,0442;Comparável
147;55;COLEGIO ANGLO AMERICANO;AVENIDA PARANA 5661 - ZONA URBANA;67;210;31,90;0,1152;0,759;71;214;33,18;0,1376;0,845;51;223;22,87;0,1068;0,702;38;214;17,76;0,0879;0,623;-0,0273;Comparável
147;56;COLEGIO ANGLO AMERICANO;AVENIDA PARANA 5661 - ZONA URBANA;79;221;35,75;0,1358;0,851;68;238;28,57;0,1318;0,728;62;250;24,80;0,1298;0,761;63;240;26,25;0,1458;0,921;0,0100;Comparável
147;57;COLEGIO ANGLO AMERICANO;AVENIDA PARANA 5661 - ZONA URBANA;85;215;39,53;0,1461;0,941;71;222;31,98;0,1376;0,814;74;244;30,33;0,1549;0,931;62;219;28,31;0,1435;0,993;-0,0026;Comparável
147;58;COLEGIO ANGLO AMERICANO;AVENIDA PARANA 5661 - ZONA URBANA;83;222;37,39;0,1427;0,890;73;214;34,11;0,1415;0,869;83;252;32,94;0,1737;1,011;57;233;24,46;0,1319;0,858;-0,0108;Comparável
147;59;COLEGIO ANGLO AMERICANO;AVENIDA PARANA 5661 - ZONA URBANA;89;218;40,83;0,1530;0,972;73;206;35,44;0,1415;0,902;64;224;28,57;0,1340;0,877;58;231;25,11;0,1342;0,881;-0,0188;Comparável
147;60;COLEGIO ANGLO AMERICANO;AVENIDA PARANA 5661 - ZONA URBANA;62;172;36,05;0,1066;0,858;59;209;28,23;0,1144;0,719;65;231;28,14;0,1361;0,864;63;239;26,36;0,1458;0,925;0,0392;Comparável
147;61;COLEGIO ANGLO AMERICANO;AVENIDA PARANA 5661 - ZONA URBANA;65;179;36,31;0,1118;0,864;71;212;33,49;0,1376;0,853;57;226;25,22;0,1193;0,774;46;230;20,00;0,1065;0,702;-0,0053;Comparável
147;62;COLEGIO ANGLO AMERICANO;AVENIDA PARANA 5661 - ZONA URBANA;67;171;39,18;0,1152;0,933;75;236;31,78;0,1454;0,809;64;238;26,89;0,1340;0,825;50;240;20,83;0,1157;0,731;0,0005;Comparável
147;63;COLEGIO ANGLO AMERICANO;AVENIDA PARANA 5661 - ZONA URBANA;67;177;37,85;0,1152;0,901;68;216;31,48;0,1318;0,802;77;246;31,30;0,1612;0,961;67;229;29,26;0,1551;1,026;0,0399;Comparável
147;64;COLEGIO ANGLO AMERICANO;AVENIDA PARANA 5661 - ZONA URBANA;97;211;45,97;0,1668;1,094;90;224;40,18;0,1744;1,023;73;249;29,32;0,1528;0,900;59;234;25,21;0,1365;0,884;-0,0303;Comparável
147;65;COLEGIO ANGLO AMERICANO;AVENIDA PARANA 5661 - ZONA URBANA;82;212;38,68;0,1410;0,921;81;223;36,32;0,1570;0,925;58;242;23,97;0,1214;0,736;45;229;19,65;0,1041;0,689;-0,0369;Comparável
147;66;COLEGIO ANGLO AMERICANO;AVENIDA PARANA 5661 - ZONA URBANA;83;214;38,78;0,1427;0,923;65;207;31,40;0,1260;0,800;73;240;30,42;0,1528;0,933;50;233;21,46;0,1157;0,753;-0,0270;Comparável
147;67;COLEGIO ANGLO AMERICANO;AVENIDA PARANA 5661 - ZONA URBANA;72;197;36,55;0,1238;0,870;73;228;32,02;0,1415;0,815;63;233;27,04;0,1319;0,830;60;226;26,55;0,1389;0,931;0,0151;Comparável
147;90;ESCOLA MUNICIPAL MONTEIRO LOBATO;RUA ANGELA APARECIDA ANDRADE S/N;68;219;31,05;0,1169;0,739;104;395;26,33;0,2016;0,670;51;206;24,76;0,1068;0,760;51;214;23,83;0,1180;0,836;0,0011;Comparável
147;91;ESCOLA MUNICIPAL MONTEIRO LOBATO;RUA ANGELA APARECIDA ANDRADE S/N;69;220;31,36;0,1186;0,746;144;415;34,70;0,2791;0,884;69;220;31,36;0,1444;0,963;57;230;24,78;0,1319;0,869;0,0133;Comparável
147;92;ESCOLA MUNICIPAL MONTEIRO LOBATO;RUA ANGELA APARECIDA ANDRADE S/N;76;229;33,19;0,1307;0,790;128;401;31,92;0,2481;0,813;64;229;27,95;0,1340;0,858;55;231;23,81;0,1273;0,835;-0,0034;Comparável
147;94;ESCOLA MUNICIPAL MONTEIRO LOBATO;RUA ANGELA APARECIDA ANDRADE S/N;75;219;34,25;0,1289;0,815;;;;;;64;219;29,22;0,1340;0,897;56;219;25,57;0,1296;0,897;0,0007;Comparável
147;96;ESCOLA MUNICIPAL ARNALDO ISIDORO DE LIMA;RUA D, S/N - ZONA URBANA;59;155;38,06;0,1014;0,906;;;;;;;;;;;;;;;;;Só 2016
147;98;ESCOLA MUNICIPAL ARNALDO ISIDORO DE LIMA;RUA D, S/N - ZONA URBANA;60;142;42,25;0,1032;1,006;86;230;37,39;0,1667;0,952;84;248;33,87;0,1758;1,039;89;240;37,08;0,2060;1,301;0,1028;Comparável
147;101;ESCOLA MUNICIPAL ARNALDO ISIDORO DE LIMA;RUA D, S/N - ZONA URBANA;74;199;37,19;0,1272;0,885;87;266;32,71;0,1686;0,833;93;241;38,59;0,1947;1,184;82;233;35,19;0,1898;1,234;0,0626;Comparável
147;102;ESCOLA MUNICIPAL ARNALDO ISIDORO DE LIMA;RUA D, S/N - ZONA URBANA;71;196;36,22;0,1221;0,862;97;337;28,78;0,1880;0,733;97;309;31,39;0,2030;0,963;77;260;29,62;0,1782;1,039;0,0561;Comparável
147;104;ESCOLA MUNICIPAL ARNALDO ISIDORO DE LIMA;RUA D, S/N - ZONA URBANA;70;196;35,71;0,1204;0,850;125;331;37,76;0,2423;0,962;119;304;39,14;0,2491;1,201;82;266;30,83;0,1898;1,081;0,0694;Comparável
147;106;ESCOLA MUNICIPAL ARNALDO ISIDORO DE LIMA;RUA D, S/N - ZONA URBANA;61;163;37,42;0,1049;0,891;;;;;;;;;;;;;;;;;Só 2016
147;107;COLEGIO ESTADUAL PROFESSOR FLAVIO WARKEN;RUA SAPUCAI, 689 - VILA C (VELHA) - ZONA URBANA;60;161;37,27;0,1032;0,887;163;405;40,25;0,3159;1,025;68;215;31,63;0,1423;0,971;67;220;30,45;0,1551;1,068;0,0519;Comparável
147;108;COLEGIO ESTADUAL PROFESSOR FLAVIO WARKEN;RUA SAPUCAI, 689 - VILA C (VELHA) - ZONA URBANA;57;145;39,31;0,0980;0,936;140;417;33,57;0,2713;0,855;81;221;36,65;0,1695;1,125;72;233;30,90;0,1666;1,084;0,0686;Comparável
147;109;COLEGIO ESTADUAL PROFESSOR FLAVIO WARKEN;RUA SAPUCAI, 689 - VILA C (VELHA) - ZONA URBANA;109;267;40,82;0,1874;0,972;;;;;;;;;;;;;;;;;Só 2016
147;110;COLEGIO ESTADUAL PROFESSOR FLAVIO WARKEN;RUA SAPUCAI, 689 - VILA C (VELHA) - ZONA URBANA;;;;;;168;443;37,92;0,3256;0,966;82;247;33,20;0,1716;1,019;79;238;33,19;0,1828;1,164;;Comparável
147;111;COLEGIO ESTADUAL PROFESSOR FLAVIO WARKEN;RUA SAPUCAI, 689 - VILA C (VELHA) - ZONA URBANA;103;282;36,52;0,1771;0,869;;;;;;;;;;;;;;;;;Só 2016
147;112;COLEGIO ESTADUAL PROFESSOR FLAVIO WARKEN;RUA SAPUCAI, 689 - VILA C (VELHA) - ZONA URBANA;;;;;;85;237;35,87;0,1647;0,913;86;235;36,60;0,1800;1,123;70;244;28,69;0,1620;1,006;;Comparável
147;113;COLEGIO ESTADUAL PROFESSOR FLAVIO WARKEN;RUA SAPUCAI, 689 - VILA C (VELHA) - ZONA URBANA;102;287;35,54;0,1754;0,846;87;218;39,91;0,1686;1,016;80;234;34,19;0,1675;1,049;61;225;27,11;0,1412;0,951;-0,0342;Comparável
147;114;COLEGIO ESTADUAL PROFESSOR FLAVIO WARKEN;RUA SAPUCAI, 689 - VILA C (VELHA) - ZONA URBANA;103;274;37,59;0,1771;0,895;83;231;35,93;0,1609;0,915;90;241;37,34;0,1884;1,146;86;247;34,82;0,1990;1,221;0,0219;Comparável
147;116;COLEGIO ESTADUAL PROFESSOR FLAVIO WARKEN;RUA SAPUCAI, 689 - VILA C (VELHA) - ZONA URBANA;99;230;43,04;0,1702;1,024;177;442;40,05;0,3431;1,020;76;234;32,48;0,1591;0,997;79;234;33,76;0,1828;1,184;0,0126;Comparável
147;117;COLEGIO ESTADUAL PROFESSOR FLAVIO WARKEN;RUA SAPUCAI, 689 - VILA C (VELHA) - ZONA URBANA;90;229;39,30;0,1547;0,935;;;;;;85;236;36,02;0,1779;1,105;70;220;31,82;0,1620;1,116;0,0073;Comparável
147;118;COLEGIO ESTADUAL PROFESSOR FLAVIO WARKEN;RUA SAPUCAI, 689 - VILA C (VELHA) - ZONA URBANA;88;226;38,94;0,1513;0,927;;;;;;87;234;37,18;0,1821;1,141;75;243;30,86;0,1736;1,083;0,0223;Comparável
147;149;COLEGIO ANGLO AMERICANO;AVENIDA PARANA 5661 - ZONA URBANA;63;215;29,30;0,1083;0,697;71;223;31,84;0,1376;0,811;67;233;28,76;0,1402;0,882;52;226;23,01;0,1203;0,807;0,0120;Comparável
147;154;COLEGIO ANGLO AMERICANO;AVENIDA PARANA 5661 - ZONA URBANA;82;227;36,12;0,1410;0,860;79;231;34,20;0,1531;0,871;56;246;22,76;0,1172;0,699;53;238;22,27;0,1227;0,781;-0,0183;Comparável
147;160;ESCOLA MUNICIPAL MONTEIRO LOBATO;RUA ANGELA APARECIDA ANDRADE S/N;69;219;31,51;0,1186;0,750;;;;;;68;212;32,08;0,1423;0,984;60;220;27,27;0,1389;0,957;0,0203;Comparável
147;163;ESCOLA MUNICIPAL CANDIDO PORTINARI;RUA GASPAR 499;67;208;32,21;0,1152;0,767;98;277;35,38;0,1899;0,901;92;249;36,95;0,1926;1,134;65;249;26,10;0,1504;0,916;0,0352;Comparável
147;166;COLEGIO ANGLO AMERICANO;AVENIDA PARANA 5661 - ZONA URBANA;81;215;37,67;0,1393;0,897;67;232;28,88;0,1299;0,735;62;237;26,16;0,1298;0,803;61;242;25,21;0,1412;0,884;0,0019;Comparável
147;167;COLEGIO ANGLO AMERICANO;AVENIDA PARANA 5661 - ZONA URBANA;67;211;31,75;0,1152;0,756;80;226;35,40;0,1551;0,901;72;259;27,80;0,1507;0,853;67;235;28,51;0,1551;1,000;0,0399;Comparável
147;168;CESUFOZ - CENTRO DE ENSINO SUPERIOR DE FOZ DO IGUAÇU;AVENIDA PARANA  3695;100;232;43,10;0,1719;1,026;91;316;28,80;0,1764;0,733;;;;;;;;;;;;Comparável
147;169;COLEGIO ANGLO AMERICANO;AVENIDA PARANA 5661 - ZONA URBANA;91;218;41,74;0,1565;0,994;97;234;41,45;0,1880;1,056;68;244;27,87;0,1423;0,855;58;232;25,00;0,1342;0,877;-0,0223;Comparável
147;173;ESCOLA MUNICIPAL ADEMAR MARQUES CURVO;RUA LUCIO PADILHA S/N;47;153;30,72;0,0808;0,731;;;;;;;;;;;;;;;;;Só 2016
147;176;ESCOLA MUNICIPAL CANDIDO PORTINARI;RUA GASPAR 499;63;182;34,62;0,1083;0,824;;;;;;74;251;29,48;0,1549;0,905;52;246;21,14;0,1203;0,741;0,0120;Comparável
147;177;ESCOLA MUNICIPAL MONTEIRO LOBATO;RUA ANGELA APARECIDA ANDRADE S/N;70;210;33,33;0,1204;0,793;128;396;32,32;0,2481;0,823;58;212;27,36;0,1214;0,840;52;219;23,74;0,1203;0,833;-0,0001;Comparável
147;183;ESCOLA MUNICIPAL PONTE DA AMIZADE;AV TANCREDO NEVES 3159;77;239;32,22;0,1324;0,767;63;242;26,03;0,1221;0,663;77;230;33,48;0,1612;1,027;39;240;16,25;0,0903;0,570;-0,0421;Comparável
147;188;ESCOLA MUNICIPAL MONTEIRO LOBATO;RUA ANGELA APARECIDA ANDRADE S/N;74;227;32,60;0,1272;0,776;;;;;;61;227;26,87;0,1277;0,825;57;230;24,78;0,1319;0,869;0,0047;Comparável
147;189;ESCOLA MUNICIPAL ADEMAR MARQUES CURVO → ESCOLA MUNICIPAL ARNALDO ISIDORO DE LIMA;RUA LUCIO PADILHA S/N;94;291;32,30;0,1616;0,769;68;234;29,06;0,1318;0,740;77;265;29,06;0,1612;0,892;71;245;28,98;0,1643;1,017;0,0027;Local diferente
147;190;ESCOLA MUNICIPAL ADEMAR MARQUES CURVO;RUA LUCIO PADILHA S/N;63;199;31,66;0,1083;0,754;;;;;;;;;;;;;;;;;Só 2016
147;191;ESCOLA MUNICIPAL PROFESSORA SUZANA MORAIS BALEN;R ANGELA APARECIDA ANDRADE-J CALIFORNIA ZONA URBANA        SN;63;178;35,39;0,1083;0,842;116;382;30,37;0,2248;0,773;51;188;27,13;0,1068;0,833;46;177;25,99;0,1065;0,912;-0,0018;Comparável
147;192;COLEGIO ESTADUAL  PROFESSORA CARMELITA DE SOUZA DIAS;RUA PEDRO JOAO MEDEIROS, 129;40;125;32,00;0,0688;0,762;109;390;27,95;0,2113;0,712;61;225;27,11;0,1277;0,832;55;235;23,40;0,1273;0,821;0,0585;Comparável
147;193;ESCOLA MUNICIPAL PROFESSORA ELENICE MILHORANCA;RUA DI CAVALCANTI 523;70;175;40,00;0,1204;0,952;;;;;;;;;;;;;;;;;Só 2016
147;195;COLEGIO ESTADUAL AYRTON SENNA DA SILVA;POCOS DE CALDAS 54;90;214;42,06;0,1547;1,001;71;200;35,50;0,1376;0,904;;;;;;;;;;;;Comparável
147;196;COLEGIO ESTADUAL PROFESSOR MARIANO CAMILO PAGANOTO → ESCOLA MUNICIPAL CANDIDO PORTINARI;RUA GASPAR 447;57;159;35,85;0,0980;0,853;104;339;30,68;0,2016;0,781;58;197;29,44;0,1214;0,904;53;226;23,45;0,1227;0,823;0,0247;Local diferente
147;197;ESCOLA MUNICIPAL PONTE DA AMIZADE;AV TANCREDO NEVES 3159;78;239;32,64;0,1341;0,777;74;243;30,45;0,1434;0,775;76;233;32,62;0,1591;1,001;40;232;17,24;0,0926;0,605;-0,0415;Comparável
147;198;CESUFOZ - CENTRO DE ENSINO SUPERIOR DE FOZ DO IGUAÇU;AVENIDA PARANA  3695;99;244;40,57;0,1702;0,966;159;384;41,41;0,3082;1,054;;;;;;;;;;;;Comparável
147;199;ESCOLA MUNICIPAL PROFESSORA SUZANA MORAIS BALEN;R ANGELA APARECIDA ANDRADE-J CALIFORNIA ZONA URBANA        SN;60;179;33,52;0,1032;0,798;122;394;30,96;0,2365;0,788;51;203;25,12;0,1068;0,771;57;203;28,08;0,1319;0,985;0,0287;Comparável
147;200;ESCOLA MUNICIPAL PROFESSORA ELENICE MILHORANCA → COLEGIO ESTADUAL PRESIDENTE COSTA E SILVA;RUA DI CAVALCANTI 523;85;213;39,91;0,1461;0,950;139;368;37,77;0,2694;0,962;64;230;27,83;0,1340;0,854;50;227;22,03;0,1157;0,773;-0,0304;Local diferente
147;201;ESCOLA MUNICIPAL PONTE DA AMIZADE;AV TANCREDO NEVES 3159;86;250;34,40;0,1479;0,819;83;255;32,55;0,1609;0,829;89;236;37,71;0,1863;1,157;42;250;16,80;0,0972;0,589;-0,0507;Comparável
147;202;COLEGIO ESTADUAL PROFESSOR FLAVIO WARKEN;RUA SAPUCAI, 689 - VILA C (VELHA) - ZONA URBANA;89;223;39,91;0,1530;0,950;70;200;35,00;0,1357;0,891;75;225;33,33;0,1570;1,023;65;228;28,51;0,1504;1,000;-0,0026;Comparável
147;203;COLEGIO ESTADUAL PROFESSOR FLAVIO WARKEN;RUA SAPUCAI, 689 - VILA C (VELHA) - ZONA URBANA;90;225;40,00;0,1547;0,952;81;220;36,82;0,1570;0,938;84;236;35,59;0,1758;1,092;52;224;23,21;0,1203;0,814;-0,0344;Comparável
147;204;COLEGIO ESTADUAL  PROFESSORA CARMELITA DE SOUZA DIAS;RUA PEDRO JOAO MEDEIROS, 129;48;137;35,04;0,0825;0,834;128;368;34,78;0,2481;0,886;69;205;33,66;0,1444;1,033;63;213;29,58;0,1458;1,038;0,0633;Comparável
147;205;COLEGIO ESTADUAL PROFESSOR FLAVIO WARKEN;RUA SAPUCAI, 689 - VILA C (VELHA) - ZONA URBANA;94;217;43,32;0,1616;1,031;145;404;35,89;0,2810;0,914;72;233;30,90;0,1507;0,948;69;232;29,74;0,1597;1,043;-0,0019;Comparável
147;206;COLEGIO ESTADUAL AYRTON SENNA DA SILVA;POCOS DE CALDAS 54;80;189;42,33;0,1375;1,007;83;209;39,71;0,1609;1,011;;;;;;;;;;;;Comparável
147;209;COLEGIO ESTADUAL AYRTON SENNA DA SILVA;POCOS DE CALDAS 54;91;212;42,92;0,1565;1,022;84;230;36,52;0,1628;0,930;;;;;;;;;;;;Comparável
147;210;COLEGIO ESTADUAL PROFESSOR FLAVIO WARKEN;RUA SAPUCAI, 689 - VILA C (VELHA) - ZONA URBANA;95;220;43,18;0,1633;1,028;;;;;;74;226;32,74;0,1549;1,005;69;248;27,82;0,1597;0,976;-0,0036;Comparável
147;211;COLEGIO ESTADUAL PROFESSOR PAULO FREIRE;RUO O, S/NR - VILA C (NOVA) - ZONA URBANA;80;224;35,71;0,1375;0,850;133;384;34,64;0,2578;0,882;81;241;33,61;0,1695;1,031;68;238;28,57;0,1574;1,002;0,0199;Comparável
147;212;COLEGIO ESTADUAL PROFESSOR MARIANO CAMILO PAGANOTO → ESCOLA MUNICIPAL CANDIDO PORTINARI;RUA GASPAR 447;49;176;27,84;0,0842;0,663;121;396;30,56;0,2345;0,778;51;206;24,76;0,1068;0,760;65;232;28,02;0,1504;0,983;0,0662;Local diferente
147;214;UNIOESTE - CAMPUS FOZ DO IGUACU;AV TARQUINIO JOSLIN DOS SANTOS 1300;74;230;32,17;0,1272;0,766;64;246;26,02;0,1240;0,662;63;229;27,51;0,1319;0,844;45;242;18,59;0,1041;0,652;-0,0231;Comparável
147;216;COLEGIO ESTADUAL PROFESSOR PAULO FREIRE;RUO O, S/NR - VILA C (NOVA) - ZONA URBANA;73;225;32,44;0,1255;0,772;;;;;;70;214;32,71;0,1465;1,004;53;230;23,04;0,1227;0,808;-0,0028;Comparável
147;217;ESCOLA MUNICIPAL ADEMAR MARQUES CURVO → ESCOLA MUNICIPAL ARNALDO ISIDORO DE LIMA;RUA LUCIO PADILHA S/N;101;281;35,94;0,1736;0,855;57;207;27,54;0,1105;0,701;64;248;25,81;0,1340;0,792;66;237;27,85;0,1527;0,977;-0,0209;Local diferente
147;218;COLEGIO ESTADUAL  PROFESSORA CARMELITA DE SOUZA DIAS;RUA PEDRO JOAO MEDEIROS, 129;49;163;30,06;0,0842;0,715;117;383;30,55;0,2268;0,778;60;233;25,75;0,1256;0,790;61;239;25,52;0,1412;0,895;0,0570;Comparável
147;219;COLEGIO ESTADUAL PROFESSOR FLAVIO WARKEN;RUA SAPUCAI, 689 - VILA C (VELHA) - ZONA URBANA;101;226;44,69;0,1736;1,064;;;;;;82;234;35,04;0,1716;1,075;62;237;26,16;0,1435;0,918;-0,0301;Comparável
147;220;COLEGIO ESTADUAL AYRTON SENNA DA SILVA;POCOS DE CALDAS 54;94;203;46,31;0,1616;1,102;78;218;35,78;0,1512;0,911;;;;;;;;;;;;Comparável
147;221;COLEGIO ESTADUAL PROFESSOR MARIANO CAMILO PAGANOTO → ESCOLA MUNICIPAL CANDIDO PORTINARI;RUA GASPAR 447;63;190;33,16;0,1083;0,789;133;381;34,91;0,2578;0,889;57;208;27,40;0,1193;0,841;52;243;21,40;0,1203;0,751;0,0120;Local diferente
147;222;COLEGIO ESTADUAL PROFESSOR PAULO FREIRE;RUO O, S/NR - VILA C (NOVA) - ZONA URBANA;80;213;37,56;0,1375;0,894;147;434;33,87;0,2849;0,862;78;252;30,95;0,1633;0,950;74;259;28,57;0,1713;1,002;0,0338;Comparável
147;223;ESCOLA MUNICIPAL PROFESSORA SUZANA MORAIS BALEN;R ANGELA APARECIDA ANDRADE-J CALIFORNIA ZONA URBANA        SN;79;263;30,04;0,1358;0,715;;;;;;61;224;27,23;0,1277;0,836;46;221;20,81;0,1065;0,730;-0,0293;Comparável
147;224;ESCOLA MUNICIPAL PROFESSORA ELENICE MILHORANCA → COLEGIO ESTADUAL PRESIDENTE COSTA E SILVA;RUA DI CAVALCANTI 523;62;150;41,33;0,1066;0,984;98;236;41,53;0,1899;1,057;74;234;31,62;0,1549;0,971;75;240;31,25;0,1736;1,096;0,0670;Local diferente
147;225;COLEGIO ESTADUAL AYRTON SENNA DA SILVA;POCOS DE CALDAS 54;98;252;38,89;0,1685;0,926;69;227;30,40;0,1337;0,774;;;;;;;;;;;;Comparável
147;226;CESUFOZ - CENTRO DE ENSINO SUPERIOR DE FOZ DO IGUAÇU;AVENIDA PARANA  3695;100;224;44,64;0,1719;1,063;;;;;;;;;;;;;;;;;Só 2016
147;227;COLEGIO ESTADUAL PROFESSOR FLAVIO WARKEN;RUA SAPUCAI, 689 - VILA C (VELHA) - ZONA URBANA;90;224;40,18;0,1547;0,956;;;;;;98;244;40,16;0,2051;1,233;82;242;33,88;0,1898;1,189;0,0351;Comparável
147;228;COLEGIO ESTADUAL PROFESSOR MARIANO CAMILO PAGANOTO;RUA GASPAR 447;63;180;35,00;0,1083;0,833;150;416;36,06;0,2907;0,918;63;227;27,75;0,1319;0,852;67;243;27,57;0,1551;0,967;0,0468;Comparável
147;229;COLEGIO ESTADUAL PROFESSOR PAULO FREIRE;RUO O, S/NR - VILA C (NOVA) - ZONA URBANA;82;228;35,96;0,1410;0,856;116;384;30,21;0,2248;0,769;91;257;35,41;0,1905;1,087;66;255;25,88;0,1527;0,908;0,0117;Comparável
147;231;COLEGIO ESTADUAL AYRTON SENNA DA SILVA;POCOS DE CALDAS 54;106;267;39,70;0,1822;0,945;99;248;39,92;0,1919;1,016;;;;;;;;;;;;Comparável
147;232;COLEGIO ESTADUAL  PROFESSORA CARMELITA DE SOUZA DIAS;RUA PEDRO JOAO MEDEIROS, 129;82;238;34,45;0,1410;0,820;;;;;;67;229;29,26;0,1402;0,898;61;245;24,90;0,1412;0,873;0,0002;Comparável
147;233;COLEGIO ESTADUAL PROFESSOR PAULO FREIRE;RUO O, S/NR - VILA C (NOVA) - ZONA URBANA;76;212;35,85;0,1307;0,853;60;213;28,17;0,1163;0,717;87;237;36,71;0,1821;1,127;72;244;29,51;0,1666;1,035;0,0359;Comparável
147;234;COLEGIO ESTADUAL PROFESSOR MARIANO CAMILO PAGANOTO;RUA GASPAR 447;82;257;31,91;0,1410;0,759;;;;;;54;232;23,28;0,1130;0,714;72;259;27,80;0,1666;0,975;0,0256;Comparável
147;235;COLEGIO ESTADUAL AYRTON SENNA DA SILVA;POCOS DE CALDAS 54;107;247;43,32;0,1840;1,031;86;233;36,91;0,1667;0,940;;;;;;;;;;;;Comparável
147;236;ESCOLA MUNICIPAL PROFESSORA ELENICE MILHORANCA;RUA DI CAVALCANTI 523;57;141;40,43;0,0980;0,962;;;;;;;;;;;;;;;;;Só 2016
147;237;COLEGIO ESTADUAL PROFESSOR PAULO FREIRE;RUO O, S/NR - VILA C (NOVA) - ZONA URBANA;84;240;35,00;0,1444;0,833;;;;;;91;243;37,45;0,1905;1,149;68;249;27,31;0,1574;0,958;0,0130;Comparável
147;238;UNIOESTE - CAMPUS FOZ DO IGUACU;AV TARQUINIO JOSLIN DOS SANTOS 1300;52;185;28,11;0,0894;0,669;51;220;23,18;0,0988;0,590;57;198;28,79;0,1193;0,883;44;234;18,80;0,1018;0,660;0,0124;Comparável
147;239;ESCOLA MUNICIPAL ALTAIR FERRAIS DA SILVA - ZIZO;AVENIDA ANDRADINA, 2290;81;250;32,40;0,1393;0,771;67;238;28,15;0,1299;0,717;73;261;27,97;0,1528;0,858;84;287;29,27;0,1944;1,027;0,0551;Comparável
147;240;COLEGIO ESTADUAL IPE ROXO;RUA CANDIDO G GAVILAN SN;57;224;25,45;0,0980;0,606;92;395;23,29;0,1783;0,593;68;221;30,77;0,1423;0,944;42;228;18,42;0,0972;0,646;-0,0008;Comparável
147;241;COLEGIO ESTADUAL PROFESSOR MARIANO CAMILO PAGANOTO;RUA GASPAR 447;106;294;36,05;0,1822;0,858;;;;;;69;232;29,74;0,1444;0,913;71;256;27,73;0,1643;0,973;-0,0179;Comparável
147;242;COLEGIO CECAFI;RUA ANHEMB I 340;74;194;38,14;0,1272;0,908;;;;;;;;;;;;;;;;;Só 2016
147;243;COLEGIO ESTADUAL AYRTON SENNA DA SILVA;POCOS DE CALDAS 54;91;243;37,45;0,1565;0,891;81;222;36,49;0,1570;0,929;;;;;;;;;;;;Comparável
147;244;ESCOLA MUNICIPAL PROFESSORA SUZANA MORAIS BALEN;R ANGELA APARECIDA ANDRADE-J CALIFORNIA ZONA URBANA        SN;80;255;31,37;0,1375;0,747;;;;;;53;218;24,31;0,1109;0,746;61;212;28,77;0,1412;1,009;0,0037;Comparável
147;245;COLEGIO ESTADUAL PROFESSOR MARIANO CAMILO PAGANOTO;RUA GASPAR 447;78;240;32,50;0,1341;0,774;130;381;34,12;0,2520;0,869;56;221;25,34;0,1172;0,778;65;250;26,00;0,1504;0,912;0,0163;Comparável
147;246;COLEGIO ESTADUAL  PROFESSORA CARMELITA DE SOUZA DIAS;RUA PEDRO JOAO MEDEIROS, 129;88;230;38,26;0,1513;0,911;;;;;;75;214;35,05;0,1570;1,076;57;228;25,00;0,1319;0,877;-0,0194;Comparável
147;247;COLEGIO ESTADUAL PROFESSOR PAULO FREIRE;RUO O, S/NR - VILA C (NOVA) - ZONA URBANA;82;286;28,67;0,1410;0,682;86;263;32,70;0,1667;0,833;85;249;34,14;0,1779;1,048;76;254;29,92;0,1759;1,050;0,0349;Comparável
147;248;ESCOLA MUNICIPAL PROFESSORA ELENICE MILHORANCA → COLEGIO ESTADUAL PRESIDENTE COSTA E SILVA;RUA DI CAVALCANTI 523;69;152;45,39;0,1186;1,080;125;286;43,71;0,2423;1,113;83;273;30,40;0,1737;0,933;67;250;26,80;0,1551;0,940;0,0365;Local diferente
147;249;COLEGIO ESTADUAL AYRTON SENNA DA SILVA;POCOS DE CALDAS 54;110;259;42,47;0,1891;1,011;72;224;32,14;0,1395;0,818;;;;;;;;;;;;Comparável
147;250;COLEGIO ESTADUAL IPE ROXO;RUA CANDIDO G GAVILAN SN;40;177;22,60;0,0688;0,538;70;280;25,00;0,1357;0,637;71;247;28,74;0,1486;0,882;54;252;21,43;0,1250;0,752;0,0562;Comparável
147;251;COLEGIO ESTADUAL PROFESSOR PAULO FREIRE;RUO O, S/NR - VILA C (NOVA) - ZONA URBANA;91;270;33,70;0,1565;0,802;99;269;36,80;0,1919;0,937;87;233;37,34;0,1821;1,146;78;250;31,20;0,1805;1,094;0,0240;Comparável
147;253;ESCOLA MUNICIPAL MONTEIRO LOBATO;RUA ANGELA APARECIDA ANDRADE S/N;77;211;36,49;0,1324;0,869;;;;;;78;215;36,28;0,1633;1,113;48;217;22,12;0,1111;0,776;-0,0213;Comparável
147;254;CESUFOZ - CENTRO DE ENSINO SUPERIOR DE FOZ DO IGUAÇU;AVENIDA PARANA  3695;66;175;37,71;0,1135;0,898;76;232;32,76;0,1473;0,834;;;;;;;;;;;;Comparável
147;255;COLEGIO ESTADUAL IPE ROXO;RUA CANDIDO G GAVILAN SN;53;195;27,18;0,0911;0,647;95;394;24,11;0,1841;0,614;58;202;28,71;0,1214;0,881;42;209;20,10;0,0972;0,705;0,0061;Comparável
147;256;ESCOLA MUNICIPAL JORGE AMADO → UNIOESTE - CAMPUS FOZ DO IGUACU;RUA ANTONIO ALVES, 600;46;230;20,00;0,0791;0,476;75;362;20,72;0,1454;0,528;52;215;24,19;0,1088;0,742;41;235;17,45;0,0949;0,612;0,0158;Local diferente
147;257;COLEGIO CECAFI;RUA ANHEMB I 340;47;127;37,01;0,0808;0,881;;;;;;;;;;;;;;;;;Só 2016
147;258;COLEGIO ANGLO AMERICANO;AVENIDA PARANA 5661 - ZONA URBANA;73;214;34,11;0,1255;0,812;57;211;27,01;0,1105;0,688;69;229;30,13;0,1444;0,925;45;239;18,83;0,1041;0,660;-0,0214;Comparável
147;259;COLEGIO ESTADUAL AYRTON SENNA DA SILVA;POCOS DE CALDAS 54;106;266;39,85;0,1822;0,948;77;223;34,53;0,1492;0,879;;;;;;;;;;;;Comparável
147;260;COLEGIO ESTADUAL PROFESSOR PAULO FREIRE;RUO O, S/NR - VILA C (NOVA) - ZONA URBANA;114;278;41,01;0,1960;0,976;90;290;31,03;0,1744;0,790;96;266;36,09;0,2009;1,108;80;235;34,04;0,1852;1,194;-0,0108;Comparável
147;261;ESCOLA MUNICIPAL ALTAIR FERRAIS DA SILVA - ZIZO;AVENIDA ANDRADINA, 2290;73;192;38,02;0,1255;0,905;80;240;33,33;0,1551;0,849;78;255;30,59;0,1633;0,939;79;287;27,53;0,1828;0,966;0,0573;Comparável
147;262;COLEGIO ESTADUAL IPE ROXO;RUA CANDIDO G GAVILAN SN;34;144;23,61;0,0585;0,562;;;;;;;;;;;;;;;;;Só 2016
147;263;COLEGIO ESTADUAL PROFESSOR PAULO FREIRE;RUO O, S/NR - VILA C (NOVA) - ZONA URBANA;95;275;34,55;0,1633;0,822;95;271;35,06;0,1841;0,893;91;244;37,30;0,1905;1,145;67;238;28,15;0,1551;0,987;-0,0082;Comparável
147;264;COLEGIO ESTADUAL PROFESSOR MARIANO CAMILO PAGANOTO;RUA GASPAR 447;87;279;31,18;0,1496;0,742;;;;;;72;242;29,75;0,1507;0,913;56;245;22,86;0,1296;0,802;-0,0200;Comparável
147;265;COLEGIO ESTADUAL AYRTON SENNA DA SILVA;POCOS DE CALDAS 54;133;293;45,39;0,2287;1,080;85;242;35,12;0,1647;0,894;;;;;;;;;;;;Comparável
147;266;ESCOLA MUNICIPAL JORGE AMADO → UNIOESTE - CAMPUS FOZ DO IGUACU;RUA ANTONIO ALVES, 600;48;232;20,69;0,0825;0,492;;;;;;57;219;26,03;0,1193;0,799;47;239;19,67;0,1088;0,690;0,0263;Local diferente
147;267;COLEGIO CECAFI → COLEGIO ANGLO AMERICANO;RUA ANHEMB I 340;109;278;39,21;0,1874;0,933;73;197;37,06;0,1415;0,944;66;222;29,73;0,1381;0,912;55;227;24,23;0,1273;0,850;-0,0601;Local diferente
147;268;COLEGIO ESTADUAL IPE ROXO;RUA CANDIDO G GAVILAN SN;70;273;25,64;0,1204;0,610;97;387;25,06;0,1880;0,638;62;234;26,50;0,1298;0,813;44;243;18,11;0,1018;0,635;-0,0186;Comparável
147;269;ESCOLA MUNICIPAL ALTAIR FERRAIS DA SILVA - ZIZO;AVENIDA ANDRADINA, 2290;74;234;31,62;0,1272;0,753;63;239;26,36;0,1221;0,671;87;272;31,99;0,1821;0,982;73;294;24,83;0,1690;0,871;0,0418;Comparável
147;270;COLEGIO ESTADUAL AYRTON SENNA DA SILVA;POCOS DE CALDAS 54;100;255;39,22;0,1719;0,933;72;220;32,73;0,1395;0,833;;;;;;;;;;;;Comparável
147;271;COLEGIO ESTADUAL PROFESSOR PAULO FREIRE → ESCOLA MUNICIPAL PADRE LUIGI SALVUCCI;RUO O, S/NR - VILA C (NOVA) - ZONA URBANA;100;273;36,63;0,1719;0,872;88;273;32,23;0,1706;0,821;86;244;35,25;0,1800;1,082;65;245;26,53;0,1504;0,931;-0,0215;Local diferente
147;272;ESCOLA MUNICIPAL PROFESSORA SUZANA MORAIS BALEN;R ANGELA APARECIDA ANDRADE-J CALIFORNIA ZONA URBANA        SN;69;246;28,05;0,1186;0,668;116;360;32,22;0,2248;0,820;59;202;29,21;0,1235;0,896;49;188;26,06;0,1134;0,914;-0,0052;Comparável
147;273;COLEGIO ESTADUAL PROFESSOR MARIANO CAMILO PAGANOTO;RUA GASPAR 447;73;252;28,97;0,1255;0,689;;;;;;54;192;28,12;0,1130;0,863;51;225;22,67;0,1180;0,795;-0,0075;Comparável
147;274;COLEGIO ESTADUAL IPE ROXO;RUA CANDIDO G GAVILAN SN;55;238;23,11;0,0946;0,550;;;;;;48;200;24,00;0,1005;0,737;46;224;20,54;0,1065;0,720;0,0119;Comparável
147;275;ESCOLA MUNICIPAL JORGE AMADO;RUA ANTONIO ALVES, 600;21;162;12,96;0,0361;0,309;;;;;;;;;;;;;;;;;Só 2016
147;276;COLEGIO ESTADUAL PROFESSOR PAULO FREIRE → ESCOLA MUNICIPAL PADRE LUIGI SALVUCCI;RUO O, S/NR - VILA C (NOVA) - ZONA URBANA;98;262;37,40;0,1685;0,890;80;246;32,52;0,1551;0,828;69;230;30,00;0,1444;0,921;71;230;30,87;0,1643;1,083;-0,0042;Local diferente
147;277;COLEGIO ESTADUAL AYRTON SENNA DA SILVA;POCOS DE CALDAS 54;94;268;35,07;0,1616;0,835;92;246;37,40;0,1783;0,952;;;;;;;;;;;;Comparável
147;278;CESUFOZ - CENTRO DE ENSINO SUPERIOR DE FOZ DO IGUAÇU;AVENIDA PARANA  3695;97;201;48,26;0,1668;1,149;81;239;33,89;0,1570;0,863;;;;;;;;;;;;Comparável
147;279;COLEGIO ESTADUAL  PROFESSORA CARMELITA DE SOUZA DIAS;RUA PEDRO JOAO MEDEIROS, 129;109;301;36,21;0,1874;0,862;91;236;38,56;0,1764;0,982;68;219;31,05;0,1423;0,953;65;235;27,66;0,1504;0,970;-0,0370;Comparável
147;280;ESCOLA MUNICIPAL ALTAIR FERRAIS DA SILVA - ZIZO;AVENIDA ANDRADINA, 2290;115;336;34,23;0,1977;0,815;90;285;31,58;0,1744;0,804;88;283;31,10;0,1842;0,954;86;302;28,48;0,1990;0,999;0,0013;Comparável
147;281;COLÉGIO MONJOLO;RUA DAVID MUFFATO 367;98;324;30,25;0,1685;0,720;83;265;31,32;0,1609;0,798;;;;;;;;;;;;Comparável
147;282;ESCOLA MUNICIPAL JORGE AMADO → UNIOESTE - CAMPUS FOZ DO IGUACU;RUA ANTONIO ALVES, 600;50;214;23,36;0,0860;0,556;62;286;21,68;0,1202;0,552;73;258;28,29;0,1528;0,868;39;229;17,03;0,0903;0,597;0,0043;Local diferente
147;283;COLEGIO ESTADUAL IPE ROXO;RUA CANDIDO G GAVILAN SN;81;311;26,05;0,1393;0,620;;;;;;54;231;23,38;0,1130;0,717;43;238;18,07;0,0995;0,634;-0,0398;Comparável
147;284;COLEGIO ESTADUAL PROFESSOR PAULO FREIRE → ESCOLA MUNICIPAL PADRE LUIGI SALVUCCI;RUO O, S/NR - VILA C (NOVA) - ZONA URBANA;126;332;37,95;0,2166;0,903;113;281;40,21;0,2190;1,024;90;257;35,02;0,1884;1,075;81;259;31,27;0,1875;1,097;-0,0291;Local diferente
147;285;ESCOLA MUNICIPAL ALTAIR FERRAIS DA SILVA - ZIZO;AVENIDA ANDRADINA, 2290;125;343;36,44;0,2149;0,867;93;292;31,85;0,1803;0,811;73;285;25,61;0,1528;0,786;88;302;29,14;0,2037;1,022;-0,0112;Comparável
147;286;COLEGIO ESTADUAL AYRTON SENNA DA SILVA;POCOS DE CALDAS 54;141;335;42,09;0,2424;1,002;101;282;35,82;0,1958;0,912;;;;;;;;;;;;Comparável
147;287;ESCOLA MUNICIPAL JORGE AMADO → UNIOESTE - CAMPUS FOZ DO IGUACU;RUA ANTONIO ALVES, 600;82;332;24,70;0,1410;0,588;70;259;27,03;0,1357;0,688;70;250;28,00;0,1465;0,859;43;247;17,41;0,0995;0,611;-0,0415;Local diferente
147;288;COLEGIO CECAFI → COLEGIO ANGLO AMERICANO;RUA ANHEMB I 340;105;272;38,60;0,1805;0,919;58;187;31,02;0,1124;0,790;77;229;33,62;0,1612;1,032;50;207;24,15;0,1157;0,847;-0,0648;Local diferente
147;289;COLEGIO ESTADUAL PROFESSOR MARIANO CAMILO PAGANOTO;RUA GASPAR 447;111;314;35,35;0,1908;0,841;104;285;36,49;0,2016;0,929;74;252;29,37;0,1549;0,901;58;245;23,67;0,1342;0,830;-0,0566;Comparável
147;290;ESCOLA MUNICIPAL ALTAIR FERRAIS DA SILVA - ZIZO;AVENIDA ANDRADINA, 2290;117;356;32,87;0,2012;0,782;93;270;34,44;0,1803;0,877;71;266;26,69;0,1486;0,819;82;300;27,33;0,1898;0,959;-0,0114;Comparável
147;291;COLEGIO ESTADUAL PROFESSOR PAULO FREIRE → ESCOLA MUNICIPAL PADRE LUIGI SALVUCCI;RUO O, S/NR - VILA C (NOVA) - ZONA URBANA;117;346;33,81;0,2012;0,805;79;277;28,52;0,1531;0,726;94;260;36,15;0,1968;1,110;88;257;34,24;0,2037;1,201;0,0025;Local diferente
147;292;COLEGIO ESTADUAL AYRTON SENNA DA SILVA;POCOS DE CALDAS 54;135;328;41,16;0,2321;0,980;98;259;37,84;0,1899;0,963;;;;;;;;;;;;Comparável
147;293;UNIOESTE - CAMPUS FOZ DO IGUACU;AV TARQUINIO JOSLIN DOS SANTOS 1300;54;143;37,76;0,0928;0,899;62;233;26,61;0,1202;0,678;57;215;26,51;0,1193;0,814;50;243;20,58;0,1157;0,722;0,0229;Comparável
147;294;COLEGIO ESTADUAL  PROFESSORA CARMELITA DE SOUZA DIAS;RUA PEDRO JOAO MEDEIROS, 129;79;220;35,91;0,1358;0,855;;;;;;74;219;33,79;0,1549;1,037;53;217;24,42;0,1227;0,857;-0,0131;Comparável
147;295;COLEGIO ESTADUAL IPE ROXO;RUA CANDIDO G GAVILAN SN;74;316;23,42;0,1272;0,557;;;;;;53;212;25,00;0,1109;0,767;39;208;18,75;0,0903;0,658;-0,0369;Comparável
147;296;ESCOLA MUNICIPAL JORGE AMADO → UNIOESTE - CAMPUS FOZ DO IGUACU;RUA ANTONIO ALVES, 600;77;295;26,10;0,1324;0,621;42;227;18,50;0,0814;0,471;53;229;23,14;0,1109;0,710;35;237;14,77;0,0810;0,518;-0,0514;Local diferente
147;297;COLEGIO ESTADUAL AYRTON SENNA DA SILVA;POCOS DE CALDAS 54;130;303;42,90;0,2235;1,021;89;237;37,55;0,1725;0,956;;;;;;;;;;;;Comparável
147;298;ESCOLA MUNICIPAL PROFESSORA SUZANA MORAIS BALEN;R ANGELA APARECIDA ANDRADE-J CALIFORNIA ZONA URBANA        SN;32;117;27,35;0,0550;0,651;;;;;;60;175;34,29;0,1256;1,052;48;200;24,00;0,1111;0,842;0,0561;Comparável
147;299;COLEGIO ESTADUAL PROFESSOR PAULO FREIRE → ESCOLA MUNICIPAL PADRE LUIGI SALVUCCI;RUO O, S/NR - VILA C (NOVA) - ZONA URBANA;105;319;32,92;0,1805;0,783;86;259;33,20;0,1667;0,845;83;238;34,87;0,1737;1,070;58;230;25,22;0,1342;0,885;-0,0463;Local diferente
147;300;COLEGIO ESTADUAL PROFESSOR MARIANO CAMILO PAGANOTO;RUA GASPAR 447;83;230;36,09;0,1427;0,859;;;;;;50;203;24,63;0,1047;0,756;49;235;20,85;0,1134;0,731;-0,0293;Comparável
147;301;ESCOLA MUNICIPAL ALTAIR FERRAIS DA SILVA - ZIZO;AVENIDA ANDRADINA, 2290;69;197;35,03;0,1186;0,834;60;224;26,79;0,1163;0,682;76;245;31,02;0,1591;0,952;71;291;24,40;0,1643;0,856;0,0457;Comparável
147;302;COLEGIO ESTADUAL AYRTON SENNA DA SILVA;POCOS DE CALDAS 54;95;244;38,93;0,1633;0,927;86;215;40,00;0,1667;1,019;;;;;;;;;;;;Comparável
147;303;COLÉGIO MONJOLO;RUA DAVID MUFFATO 367;11;40;27,50;0,0189;0,655;62;335;18,51;0,1202;0,471;;;;;;;;;;;;Comparável
147;305;ESCOLA MUNICIPAL JOAO ADAO DA SILVA;RUA JULIO BRECHER, 450 - LOTEAMENTO LAGOA DOURADA;;;;;;88;240;36,67;0,1706;0,934;;;;;;;;;;;;Só 2020
147;306;ESCOLA MUNICIPAL JOAO ADAO DA SILVA;RUA JULIO BRECHER, 450 - LOTEAMENTO LAGOA DOURADA;;;;;;102;250;40,80;0,1977;1,039;;;;;;;;;;;;Só 2020
147;307;ESCOLA MUNICIPAL JOAO ADAO DA SILVA;RUA JULIO BRECHER, 450 - LOTEAMENTO LAGOA DOURADA;;;;;;107;246;43,50;0,2074;1,108;;;;;;;;;;;;Só 2020
147;308;ESCOLA MUNICIPAL JOAO ADAO DA SILVA;RUA JULIO BRECHER, 450 - LOTEAMENTO LAGOA DOURADA;;;;;;96;252;38,10;0,1861;0,970;;;;;;;;;;;;Só 2020
147;309;ESCOLA MUNICIPAL JOAO ADAO DA SILVA;RUA JULIO BRECHER, 450 - LOTEAMENTO LAGOA DOURADA;;;;;;87;247;35,22;0,1686;0,897;;;;;;;;;;;;Só 2020
147;310;ESCOLA MUNICIPAL JOAO ADAO DA SILVA;RUA JULIO BRECHER, 450 - LOTEAMENTO LAGOA DOURADA;;;;;;98;249;39,36;0,1899;1,002;;;;;;;;;;;;Só 2020
147;311;ESCOLA MUNICIPAL JOAO ADAO DA SILVA;RUA JULIO BRECHER, 450 - LOTEAMENTO LAGOA DOURADA;;;;;;111;250;44,40;0,2151;1,131;;;;;;;;;;;;Só 2020
147;313;ESCOLA MUNICIPAL JOAO ADAO DA SILVA;RUA JULIO BRECHER, 450 - LOTEAMENTO LAGOA DOURADA;;;;;;101;275;36,73;0,1958;0,935;;;;;;;;;;;;Só 2020
147;314;ESCOLA MUNICIPAL JOAO ADAO DA SILVA;RUA JULIO BRECHER, 450 - LOTEAMENTO LAGOA DOURADA;;;;;;107;242;44,21;0,2074;1,126;;;;;;;;;;;;Só 2020
147;315;ESCOLA MUNICIPAL DR DIRCEU LOPES;RUA DAS ÁGUIAS, 185;;;;;;139;351;39,60;0,2694;1,008;;;;;;;;;;;;Só 2020
147;318;ESCOLA MUNICIPAL DR DIRCEU LOPES;RUA DAS ÁGUIAS, 185;;;;;;141;384;36,72;0,2733;0,935;;;;;;;;;;;;Só 2020
147;320;ESCOLA MUNICIPAL DR DIRCEU LOPES;RUA DAS ÁGUIAS, 185;;;;;;155;398;38,94;0,3004;0,992;;;;;;;;;;;;Só 2020
147;327;COLÉGIO ESTADUAL CATARATAS DO IGUAÇU;RUA HENRIQUE BERNADELLI, 300;;;;;;123;278;44,24;0,2384;1,127;;;;;;;;;;;;Só 2020
147;328;COLÉGIO ESTADUAL CATARATAS DO IGUAÇU;RUA HENRIQUE BERNADELLI, 300;;;;;;107;275;38,91;0,2074;0,991;;;;;;;;;;;;Só 2020
147;329;COLÉGIO ESTADUAL CATARATAS DO IGUAÇU;RUA HENRIQUE BERNADELLI, 300;;;;;;117;274;42,70;0,2268;1,087;;;;;;;;;;;;Só 2020
147;330;COLÉGIO ESTADUAL CATARATAS DO IGUAÇU;RUA HENRIQUE BERNADELLI, 300;;;;;;79;226;34,96;0,1531;0,890;;;;;;;;;;;;Só 2020
147;331;COLÉGIO ESTADUAL CATARATAS DO IGUAÇU;RUA HENRIQUE BERNADELLI, 300;;;;;;115;270;42,59;0,2229;1,085;;;;;;;;;;;;Só 2020
147;332;COLÉGIO ESTADUAL CATARATAS DO IGUAÇU;RUA HENRIQUE BERNADELLI, 300;;;;;;105;280;37,50;0,2035;0,955;;;;;;;;;;;;Só 2020
147;333;COLÉGIO ESTADUAL CATARATAS DO IGUAÇU;RUA HENRIQUE BERNADELLI, 300;;;;;;110;275;40,00;0,2132;1,019;;;;;;;;;;;;Só 2020
147;334;COLÉGIO ESTADUAL CATARATAS DO IGUAÇU;RUA HENRIQUE BERNADELLI, 300;;;;;;106;260;40,77;0,2054;1,038;;;;;;;;;;;;Só 2020
147;335;COLÉGIO ESTADUAL CATARATAS DO IGUAÇU;RUA HENRIQUE BERNADELLI, 300;;;;;;103;276;37,32;0,1996;0,950;;;;;;;;;;;;Só 2020
147;336;COLÉGIO ESTADUAL CATARATAS DO IGUAÇU;RUA HENRIQUE BERNADELLI, 300;;;;;;137;281;48,75;0,2655;1,241;;;;;;;;;;;;Só 2020
147;337;COLÉGIO ESTADUAL CATARATAS DO IGUAÇU;RUA HENRIQUE BERNADELLI, 300;;;;;;100;239;41,84;0,1938;1,065;;;;;;;;;;;;Só 2020
147;338;COLÉGIO ESTADUAL CATARATAS DO IGUAÇU;RUA HENRIQUE BERNADELLI, 300;;;;;;87;235;37,02;0,1686;0,943;;;;;;;;;;;;Só 2020
147;339;COLEGIO ESTADUAL DR ARNALDO BUSATO;RUA ARAUCARIA, 7510;;;;;;122;264;46,21;0,2365;1,177;;;;;;;;;;;;Só 2020
147;340;COLEGIO ESTADUAL DR ARNALDO BUSATO;RUA ARAUCARIA, 7510;;;;;;124;255;48,63;0,2403;1,238;;;;;;;;;;;;Só 2020
147;341;COLEGIO ESTADUAL DR ARNALDO BUSATO;RUA ARAUCARIA, 7510;;;;;;119;241;49,38;0,2306;1,257;;;;;;;;;;;;Só 2020
147;342;COLEGIO ESTADUAL DR ARNALDO BUSATO;RUA ARAUCARIA, 7510;;;;;;115;242;47,52;0,2229;1,210;;;;;;;;;;;;Só 2020
147;343;COLEGIO ESTADUAL DR ARNALDO BUSATO;RUA ARAUCARIA, 7510;;;;;;122;242;50,41;0,2365;1,284;;;;;;;;;;;;Só 2020
147;344;COLEGIO ESTADUAL DR ARNALDO BUSATO;RUA ARAUCARIA, 7510;;;;;;96;229;41,92;0,1861;1,067;;;;;;;;;;;;Só 2020
147;345;COLEGIO ESTADUAL DR ARNALDO BUSATO;RUA ARAUCARIA, 7510;;;;;;107;231;46,32;0,2074;1,179;;;;;;;;;;;;Só 2020
147;346;COLEGIO ESTADUAL DR ARNALDO BUSATO;RUA ARAUCARIA, 7510;;;;;;120;241;49,79;0,2326;1,268;;;;;;;;;;;;Só 2020
147;347;COLEGIO ESTADUAL DR ARNALDO BUSATO;RUA ARAUCARIA, 7510;;;;;;101;247;40,89;0,1958;1,041;;;;;;;;;;;;Só 2020
147;348;COLEGIO ESTADUAL DR ARNALDO BUSATO;RUA ARAUCARIA, 7510;;;;;;104;235;44,26;0,2016;1,127;;;;;;;;;;;;Só 2020
147;349;COLEGIO ESTADUAL DR ARNALDO BUSATO;RUA ARAUCARIA, 7510;;;;;;122;239;51,05;0,2365;1,300;;;;;;;;;;;;Só 2020
147;350;COLEGIO ESTADUAL DR ARNALDO BUSATO;RUA ARAUCARIA, 7510;;;;;;101;227;44,49;0,1958;1,133;;;;;;;;;;;;Só 2020
147;351;COLEGIO ESTADUAL DR ARNALDO BUSATO;RUA ARAUCARIA, 7510;;;;;;96;267;35,96;0,1861;0,916;;;;;;;;;;;;Só 2020
147;352;COLEGIO ESTADUAL DR ARNALDO BUSATO;RUA ARAUCARIA, 7510;;;;;;114;234;48,72;0,2210;1,241;;;;;;;;;;;;Só 2020
147;353;COLEGIO ESTADUAL DR ARNALDO BUSATO;RUA ARAUCARIA, 7510;;;;;;101;227;44,49;0,1958;1,133;;;;;;;;;;;;Só 2020
147;354;COLEGIO ESTADUAL DR ARNALDO BUSATO;RUA ARAUCARIA, 7510;;;;;;103;201;51,24;0,1996;1,305;;;;;;;;;;;;Só 2020
147;355;COLEGIO ESTADUAL ALMIRO SARTORI;RUA POMBAS, 440;;;;;;71;243;29,22;0,1376;0,744;;;;;;;;;;;;Só 2020
147;356;COLEGIO ESTADUAL ALMIRO SARTORI;RUA POMBAS, 440;;;;;;114;270;42,22;0,2210;1,075;;;;;;;;;;;;Só 2020
147;357;COLEGIO ESTADUAL ALMIRO SARTORI;RUA POMBAS, 440;;;;;;112;259;43,24;0,2171;1,101;;;;;;;;;;;;Só 2020
147;358;COLEGIO ESTADUAL ALMIRO SARTORI;RUA POMBAS, 440;;;;;;96;249;38,55;0,1861;0,982;;;;;;;;;;;;Só 2020
147;359;COLEGIO ESTADUAL ALMIRO SARTORI;RUA POMBAS, 440;;;;;;86;236;36,44;0,1667;0,928;;;;;;;;;;;;Só 2020
147;360;COLEGIO ESTADUAL ALMIRO SARTORI;RUA POMBAS, 440;;;;;;96;242;39,67;0,1861;1,010;;;;;;;;;;;;Só 2020
147;361;COLEGIO ESTADUAL ALMIRO SARTORI;RUA POMBAS, 440;;;;;;100;260;38,46;0,1938;0,979;;;;;;;;;;;;Só 2020
147;362;COLEGIO ESTADUAL ALMIRO SARTORI;RUA POMBAS, 440;;;;;;114;279;40,86;0,2210;1,040;;;;;;;;;;;;Só 2020
147;363;COLEGIO ESTADUAL ALMIRO SARTORI;RUA POMBAS, 440;;;;;;105;264;39,77;0,2035;1,013;;;;;;;;;;;;Só 2020
147;364;COLEGIO ESTADUAL ALMIRO SARTORI;RUA POMBAS, 440;;;;;;119;277;42,96;0,2306;1,094;;;;;;;;;;;;Só 2020
147;421;COLEGIO ESTADUAL SOL DE MAIO;RUA PEDRO FRANCISCO KERU, 120;;;;;;95;251;37,85;0,1841;0,964;;;;;;;;;;;;Só 2020
147;422;COLEGIO ESTADUAL SOL DE MAIO;RUA PEDRO FRANCISCO KERU, 120;;;;;;100;237;42,19;0,1938;1,074;;;;;;;;;;;;Só 2020
147;423;COLEGIO ESTADUAL SOL DE MAIO;RUA PEDRO FRANCISCO KERU, 120;;;;;;111;257;43,19;0,2151;1,100;;;;;;;;;;;;Só 2020
147;424;COLEGIO ESTADUAL SOL DE MAIO;RUA PEDRO FRANCISCO KERU, 120;;;;;;100;256;39,06;0,1938;0,995;;;;;;;;;;;;Só 2020
147;425;COLEGIO ESTADUAL SOL DE MAIO;RUA PEDRO FRANCISCO KERU, 120;;;;;;105;225;46,67;0,2035;1,188;;;;;;;;;;;;Só 2020
147;426;COLEGIO ESTADUAL SOL DE MAIO;RUA PEDRO FRANCISCO KERU, 120;;;;;;100;248;40,32;0,1938;1,027;;;;;;;;;;;;Só 2020
147;427;COLEGIO ESTADUAL SOL DE MAIO;RUA PEDRO FRANCISCO KERU, 120;;;;;;106;237;44,73;0,2054;1,139;;;;;;;;;;;;Só 2020
147;428;COLEGIO ESTADUAL SOL DE MAIO;RUA PEDRO FRANCISCO KERU, 120;;;;;;113;273;41,39;0,2190;1,054;;;;;;;;;;;;Só 2020
147;429;COLEGIO ESTADUAL SOL DE MAIO;RUA PEDRO FRANCISCO KERU, 120;;;;;;121;260;46,54;0,2345;1,185;;;;;;;;;;;;Só 2020
147;431;ESCOLA MUNICIPAL JOAO DA COSTA VIANNA;AV JOAO RICIERI MARAN, 388;;;;;;173;391;44,25;0,3353;1,127;;;;;;;;;;;;Só 2020
147;432;ESCOLA MUNICIPAL JOAO DA COSTA VIANNA;AV JOAO RICIERI MARAN, 388;;;;;;195;397;49,12;0,3779;1,251;;;;;;;;;;;;Só 2020
147;434;ESCOLA MUNICIPAL JOAO DA COSTA VIANNA;AV JOAO RICIERI MARAN, 388;;;;;;185;400;46,25;0,3586;1,178;;;;;;;;;;;;Só 2020
147;436;ESCOLA MUNICIPAL JOAO DA COSTA VIANNA;AV JOAO RICIERI MARAN, 388;;;;;;188;391;48,08;0,3644;1,224;;;;;;;;;;;;Só 2020
147;438;ESCOLA MUNICIPAL JOAO DA COSTA VIANNA;AV JOAO RICIERI MARAN, 388;;;;;;188;401;46,88;0,3644;1,194;;;;;;;;;;;;Só 2020
147;440;ESCOLA MUNICIPAL JOAO DA COSTA VIANNA;AV JOAO RICIERI MARAN, 388;;;;;;223;402;55,47;0,4322;1,413;;;;;;;;;;;;Só 2020
147;442;ESCOLA MUNICIPAL JOAO DA COSTA VIANNA;AV JOAO RICIERI MARAN, 388;;;;;;184;412;44,66;0,3566;1,137;;;;;;;;;;;;Só 2020
147;445;ESCOLA MUNICIPAL JOAO DA COSTA VIANNA;AV JOAO RICIERI MARAN, 388;;;;;;150;343;43,73;0,2907;1,114;;;;;;;;;;;;Só 2020
147;446;ESCOLA MUNICIPAL JOAO DA COSTA VIANNA;AV JOAO RICIERI MARAN, 388;;;;;;191;394;48,48;0,3702;1,234;;;;;;;;;;;;Só 2020
147;448;ESCOLA MUNICIPAL JOAO DA COSTA VIANNA;AV JOAO RICIERI MARAN, 388;;;;;;170;424;40,09;0,3295;1,021;;;;;;;;;;;;Só 2020
147;450;COLEGIO INTERATIVA FOZ DO IGUAÇU;RUA IPATINGA, 269;;;;;;120;304;39,47;0,2326;1,005;;;;;;;;;;;;Só 2020
147;452;COLEGIO INTERATIVA FOZ DO IGUAÇU;RUA IPATINGA, 269;;;;;;138;316;43,67;0,2675;1,112;;;;;;;;;;;;Só 2020
147;453;COLEGIO INTERATIVA FOZ DO IGUAÇU;RUA IPATINGA, 269;;;;;;73;170;42,94;0,1415;1,093;;;;;;;;;;;;Só 2020
147;456;COLEGIO INTERATIVA FOZ DO IGUAÇU;RUA IPATINGA, 269;;;;;;142;317;44,80;0,2752;1,141;;;;;;;;;;;;Só 2020
147;458;COLEGIO INTERATIVA FOZ DO IGUAÇU;RUA IPATINGA, 269;;;;;;152;321;47,35;0,2946;1,206;;;;;;;;;;;;Só 2020
147;460;ESCOLA MUNICIPAL CANDIDO PORTINARI;RUA GASPAR 499;;;;;;;;;;;54;226;23,89;0,1130;0,733;52;224;23,21;0,1203;0,814;;Comparável
147;461;UNIOESTE - CAMPUS FOZ DO IGUACU;AV TARQUINIO JOSLIN DOS SANTOS 1300;;;;;;38;183;20,77;0,0737;0,529;44;168;26,19;0,0921;0,804;34;199;17,09;0,0787;0,599;;Comparável
147;464;COLEGIO ESTADUAL PROFESSOR PAULO FREIRE → ESCOLA MUNICIPAL PADRE LUIGI SALVUCCI;RUO O, S/NR - VILA C (NOVA) - ZONA URBANA;;;;;;;;;;;61;178;34,27;0,1277;1,052;41;207;19,81;0,0949;0,695;;Local diferente
147;467;UNIOESTE - CAMPUS FOZ DO IGUACU;AV TARQUINIO JOSLIN DOS SANTOS 1300;;;;;;;;;;;52;185;28,11;0,1088;0,863;45;214;21,03;0,1041;0,738;;Comparável
147;469;COLEGIO ESTADUAL IPE ROXO;RUA CLÁUDIO GONZALES GAVILAN;;;;;;;;;;;41;219;18,72;0,0858;0,575;27;197;13,71;0,0625;0,481;;Comparável
147;470;ESCOLA MUNICIPAL ALTAIR FERRAIS DA SILVA - ZIZO;AVENIDA ANDRADINA, 45;;;;;;;;;;;88;257;34,24;0,1842;1,051;47;277;16,97;0,1088;0,595;;Comparável
147;473;ESCOLA MUNICIPAL PROFESSORA JOSINETE HOLLER ALVES SANTOS;AVENIDA PARANÁ, 5221;;;;;;;;;;;58;260;22,31;0,1214;0,685;50;281;17,79;0,1157;0,624;;Comparável
147;474;ESCOLA MUNICIPAL PONTE DA AMIZADE;AV TANCREDO NEVES 3159;;;;;;;;;;;117;221;52,94;0,2449;1,625;26;220;11,82;0,0602;0,415;;Comparável
147;476;COLEGIO ESTADUAL PROFESSOR PAULO FREIRE → ESCOLA MUNICIPAL PADRE LUIGI SALVUCCI;RUO O, S/NR - VILA C (NOVA) - ZONA URBANA;;;;;;;;;;;64;237;27,00;0,1340;0,829;49;226;21,68;0,1134;0,761;;Local diferente
147;480;ESCOLA MUNICIPAL ALTAIR FERRAIS DA SILVA - ZIZO;AVENIDA ANDRADINA, 45;;;;;;;;;;;21;83;25,30;0,0440;0,776;53;286;18,53;0,1227;0,650;;Comparável
147;482;ESCOLA MUNICIPAL PROFESSORA JOSINETE HOLLER ALVES SANTOS;AVENIDA PARANÁ, 5221;;;;;;;;;;;;;;;;50;318;15,72;0,1157;0,552;;Só 2026
147;485;ESCOLA MUNICIPAL PROFESSORA JOSINETE HOLLER ALVES SANTOS;AVENIDA PARANÁ, 5221;;;;;;;;;;;;;;;;10;93;10,75;0,0231;0,377;;Só 2026
204;1;ESCOLA MUNICIPAL ANITA GARIBALDI;RUA MARTIN NIEUWENHOFF, 195;101;247;40,89;0,1736;0,973;;;;;;;;;;;;;;;;;Só 2016
204;2;ESCOLA MUNICIPAL ANITA GARIBALDI;RUA MARTIN NIEUWENHOFF, 195;102;250;40,80;0,1754;0,971;;;;;;;;;;;;;;;;;Só 2016
204;3;ESCOLA MUNICIPAL ANITA GARIBALDI;RUA MARTIN NIEUWENHOFF, 195;56;128;43,75;0,0963;1,041;;;;;;;;;;;;;;;;;Só 2016
204;4;ESCOLA MUNICIPAL ANTONIO GONCALVES DIAS;RUA PURUS, 234;76;122;62,30;0,1307;1,483;;;;;;;;;;;;;;;;;Só 2016
204;6;ESCOLA MUNICIPAL ANTONIO GONCALVES DIAS;RUA PURUS, 234;111;213;52,11;0,1908;1,240;;;;;;;;;;;;;;;;;Só 2016
204;7;ESCOLA MUNICIPAL ANTONIO GONCALVES DIAS;RUA PURUS, 234;117;212;55,19;0,2012;1,314;;;;;;;;;;;;;;;;;Só 2016
204;8;ESCOLA MUNICIPAL ANTONIO GONCALVES DIAS;RUA PURUS, 234;133;226;58,85;0,2287;1,401;;;;;;;;;;;;;;;;;Só 2016
204;9;ESCOLA MUNICIPAL ANTONIO GONCALVES DIAS;RUA PURUS, 234;105;211;49,76;0,1805;1,184;;;;;;;;;;;;;;;;;Só 2016
204;10;ESCOLA MUNICIPAL ANTONIO GONCALVES DIAS;RUA PURUS, 234;122;217;56,22;0,2098;1,338;;;;;;;;;;;;;;;;;Só 2016
204;11;ESCOLA MUNICIPAL ANTONIO GONCALVES DIAS;RUA PURUS, 234;130;216;60,19;0,2235;1,432;;;;;;;;;;;;;;;;;Só 2016
204;12;ESCOLA MUNICIPAL ANTONIO GONCALVES DIAS;RUA PURUS, 234;103;202;50,99;0,1771;1,214;;;;;;;;;;;;;;;;;Só 2016
204;13;ESCOLA MUNICIPAL AUGUSTO WERNER;RUA ATALAIA, 190;81;192;42,19;0,1393;1,004;;;;;;;;;;;;;;;;;Só 2016
204;14;ESCOLA MUNICIPAL AUGUSTO WERNER;RUA ATALAIA, 190;118;290;40,69;0,2029;0,968;;;;;;;;;;;;;;;;;Só 2016
204;15;ESCOLA MUNICIPAL AUGUSTO WERNER;RUA ATALAIA, 190;72;185;38,92;0,1238;0,926;;;;;;;;;;;;;;;;;Só 2016
204;16;ESCOLA MUNICIPAL EMILIO DE MENEZES;AVENIDA MARIO FILHO, 1252;72;144;50,00;0,1238;1,190;;;;;;;;;;;;;;;;;Só 2016
204;17;ESCOLA MUNICIPAL EMILIO DE MENEZES;AVENIDA MARIO FILHO, 1252;67;171;39,18;0,1152;0,933;;;;;;;;;;;;;;;;;Só 2016
204;18;ESCOLA MUNICIPAL EMILIO DE MENEZES;AVENIDA MARIO FILHO, 1252;103;212;48,58;0,1771;1,156;;;;;;;;;;;;;;;;;Só 2016
204;20;ESCOLA MUNICIPAL EMILIO DE MENEZES;AVENIDA MARIO FILHO, 1252;82;180;45,56;0,1410;1,084;;;;;;;;;;;;;;;;;Só 2016
204;21;ESCOLA MUNICIPAL EMILIO DE MENEZES;AVENIDA MARIO FILHO, 1252;72;174;41,38;0,1238;0,985;;;;;;;;;;;;;;;;;Só 2016
204;22;ESCOLA MUNICIPAL EMILIO DE MENEZES;AVENIDA MARIO FILHO, 1252;78;159;49,06;0,1341;1,168;;;;;;;;;;;;;;;;;Só 2016
204;23;ESCOLA MUNICIPAL EMILIO DE MENEZES;AVENIDA MARIO FILHO, 1252;76;173;43,93;0,1307;1,046;;;;;;;;;;;;;;;;;Só 2016
204;24;ESCOLA MUNICIPAL EMILIO DE MENEZES;AVENIDA MARIO FILHO, 1252;57;109;52,29;0,0980;1,245;;;;;;;;;;;;;;;;;Só 2016
204;25;ESCOLA MUNICIPAL EMILIO DE MENEZES;AVENIDA MARIO FILHO, 1252;76;175;43,43;0,1307;1,034;;;;;;;;;;;;;;;;;Só 2016
204;26;ESCOLA MUNICIPAL EMILIO DE MENEZES;AVENIDA MARIO FILHO, 1252;88;188;46,81;0,1513;1,114;;;;;;;;;;;;;;;;;Só 2016
204;27;ESCOLA MUNICIPAL EMILIO DE MENEZES;AVENIDA MARIO FILHO, 1252;87;191;45,55;0,1496;1,084;;;;;;;;;;;;;;;;;Só 2016
204;28;ESCOLA MUNICIPAL EMILIO DE MENEZES;AVENIDA MARIO FILHO, 1252;73;171;42,69;0,1255;1,016;;;;;;;;;;;;;;;;;Só 2016
204;29;ESCOLA MUNICIPAL EMILIO DE MENEZES;AVENIDA MARIO FILHO, 1252;77;179;43,02;0,1324;1,024;;;;;;;;;;;;;;;;;Só 2016
204;30;ESCOLA MUNICIPAL EMILIO DE MENEZES;AVENIDA MARIO FILHO, 1252;85;177;48,02;0,1461;1,143;;;;;;;;;;;;;;;;;Só 2016
204;31;ESCOLA MUNICIPAL FREDERICO ENGEL;AVENIDA AYRTON SENA, 41;89;196;45,41;0,1530;1,081;;;;;;;;;;;;;;;;;Só 2016
204;32;ESCOLA MUNICIPAL FREDERICO ENGEL;AVENIDA AYRTON SENA, 41;125;297;42,09;0,2149;1,002;;;;;;;;;;;;;;;;;Só 2016
204;33;ESCOLA MUNICIPAL FREDERICO ENGEL;AVENIDA AYRTON SENA, 41;132;302;43,71;0,2269;1,040;;;;;;;;;;;;;;;;;Só 2016
204;34;CENTRO DE VISITANTES DO PARQUE NACIONAL DO IGUACU;RODOVIA DAS CATARATAS, KM 22,5;23;67;34,33;0,0395;0,817;;;;;;;;;;;;;;;;;Só 2016
204;35;CENTRO DE VISITANTES DO PARQUE NACIONAL DO IGUACU;RODOVIA DAS CATARATAS, KM 22,5;17;45;37,78;0,0292;0,899;;;;;;;;;;;;;;;;;Só 2016
204;36;ESCOLA MUNICIPAL PRINCESA ISABEL;AVENIDA DAS CATARATAS, KM 13;109;232;46,98;0,1874;1,118;;;;;;;;;;;;;;;;;Só 2016
204;37;ESCOLA MUNICIPAL PRINCESA ISABEL;AVENIDA DAS CATARATAS, KM 13;112;258;43,41;0,1926;1,033;;;;;;;;;;;;;;;;;Só 2016
204;38;CENTRO DE EDUCAÇÃO INFANTIL INACIA MENEZES DOS SANTOS;RUA POMPEU DE TOLEDO, S/N;39;97;40,21;0,0671;0,957;;;;;;;;;;;;;;;;;Só 2016
204;50;ESCOLA MUNICIPAL JOAO XXIII;RUA JOSE CARLOS PACE, 304;82;185;44,32;0,1410;1,055;;;;;;;;;;;;;;;;;Só 2016
204;52;ESCOLA MUNICIPAL JOAO XXIII;RUA JOSE CARLOS PACE, 304;84;181;46,41;0,1444;1,105;;;;;;;;;;;;;;;;;Só 2016
204;53;ESCOLA MUNICIPAL JOAO XXIII;RUA JOSE CARLOS PACE, 304;78;172;45,35;0,1341;1,079;;;;;;;;;;;;;;;;;Só 2016
204;54;ESCOLA MUNICIPAL JOAO XXIII;RUA JOSE CARLOS PACE, 304;51;106;48,11;0,0877;1,145;;;;;;;;;;;;;;;;;Só 2016
204;55;ESCOLA MUNICIPAL JOAO XXIII;RUA JOSE CARLOS PACE, 304;89;182;48,90;0,1530;1,164;;;;;;;;;;;;;;;;;Só 2016
204;56;ESCOLA MUNICIPAL JOAO XXIII;RUA JOSE CARLOS PACE, 304;88;176;50,00;0,1513;1,190;;;;;;;;;;;;;;;;;Só 2016
204;57;ESCOLA MUNICIPAL JOAO XXIII;RUA JOSE CARLOS PACE, 304;79;171;46,20;0,1358;1,100;;;;;;;;;;;;;;;;;Só 2016
204;58;ESCOLA MUNICIPAL JOAO XXIII;RUA JOSE CARLOS PACE, 304;80;170;47,06;0,1375;1,120;;;;;;;;;;;;;;;;;Só 2016
204;59;ESCOLA MUNICIPAL JOAO XXIII;RUA JOSE CARLOS PACE, 304;89;179;49,72;0,1530;1,183;;;;;;;;;;;;;;;;;Só 2016
204;60;ESCOLA MUNICIPAL OSVALDO CRUZ;RUA OCUÍ, 321;106;220;48,18;0,1822;1,147;;;;;;;;;;;;;;;;;Só 2016
204;61;ESCOLA MUNICIPAL OSVALDO CRUZ;RUA OCUÍ, 321;98;223;43,95;0,1685;1,046;;;;;;;;;;;;;;;;;Só 2016
204;62;ESCOLA MUNICIPAL CARLOS GOMES;ALAMEDA PONTAL, 148;136;269;50,56;0,2338;1,203;;;;;;;;;;;;;;;;;Só 2016
204;63;ESCOLA MUNICIPAL CARLOS GOMES;ALAMEDA PONTAL, 148;130;270;48,15;0,2235;1,146;;;;;;;;;;;;;;;;;Só 2016
204;64;ESCOLA MUNICIPAL CARLOS GOMES;ALAMEDA PONTAL, 148;129;265;48,68;0,2218;1,159;;;;;;;;;;;;;;;;;Só 2016
204;65;ESCOLA MUNICIPAL CARLOS GOMES;ALAMEDA PONTAL, 148;132;281;46,98;0,2269;1,118;;;;;;;;;;;;;;;;;Só 2016
204;66;ESCOLA MUNICIPAL ERICO VERISSIMO;RUA  JORGE SANWAIS, 4375;133;274;48,54;0,2287;1,155;;;;;;;;;;;;;;;;;Só 2016
204;67;ESCOLA MUNICIPAL ERICO VERISSIMO;RUA  JORGE SANWAIS, 4375;117;253;46,25;0,2012;1,101;;;;;;;;;;;;;;;;;Só 2016
204;68;ESCOLA MUNICIPAL ERICO VERISSIMO;RUA  JORGE SANWAIS, 4375;106;223;47,53;0,1822;1,131;;;;;;;;;;;;;;;;;Só 2016
204;69;ESCOLA MUNICIPAL ERICO VERISSIMO;RUA  JORGE SANWAIS, 4375;94;187;50,27;0,1616;1,196;;;;;;;;;;;;;;;;;Só 2016
204;70;ESCOLA MUNICIPAL ERICO VERISSIMO;RUA  JORGE SANWAIS, 4375;129;266;48,50;0,2218;1,154;;;;;;;;;;;;;;;;;Só 2016
204;71;ESCOLA MUNICIPAL JOAO XXIII;RUA JOSE CARLOS PACE, 304;83;176;47,16;0,1427;1,122;;;;;;;;;;;;;;;;;Só 2016
204;72;ESCOLA MUNICIPAL ERICO VERISSIMO;RUA  JORGE SANWAIS, 4375;136;255;53,33;0,2338;1,269;;;;;;;;;;;;;;;;;Só 2016
204;73;ESCOLA MUNICIPAL JOAO XXIII;RUA JOSE CARLOS PACE, 304;79;176;44,89;0,1358;1,068;;;;;;;;;;;;;;;;;Só 2016
204;74;ESCOLA MUNICIPAL CARLOS GOMES;ALAMEDA PONTAL, 148;80;152;52,63;0,1375;1,253;;;;;;;;;;;;;;;;;Só 2016
204;75;ESCOLA MUNICIPAL IRIO MANGANELLI (CAIC);AVENIDA POMPEU DE TOLEDO, 773;136;277;49,10;0,2338;1,169;;;;;;;;;;;;;;;;;Só 2016
204;76;ESCOLA MUNICIPAL IRIO MANGANELLI (CAIC);AVENIDA POMPEU DE TOLEDO, 773;137;273;50,18;0,2355;1,194;;;;;;;;;;;;;;;;;Só 2016
204;77;ESCOLA MUNICIPAL OSVALDO CRUZ;RUA OCUÍ, 321;107;215;49,77;0,1840;1,185;;;;;;;;;;;;;;;;;Só 2016
204;78;ESCOLA MUNICIPAL IRIO MANGANELLI (CAIC);AVENIDA POMPEU DE TOLEDO, 773;121;267;45,32;0,2080;1,079;;;;;;;;;;;;;;;;;Só 2016
204;79;ESCOLA MUNICIPAL IRIO MANGANELLI (CAIC);AVENIDA POMPEU DE TOLEDO, 773;131;282;46,45;0,2252;1,106;;;;;;;;;;;;;;;;;Só 2016
204;80;ESCOLA MUNICIPAL ERICO VERISSIMO;RUA  JORGE SANWAIS, 4375;132;270;48,89;0,2269;1,164;;;;;;;;;;;;;;;;;Só 2016
204;81;ESCOLA MUNICIPAL IRIO MANGANELLI (CAIC);AVENIDA POMPEU DE TOLEDO, 773;91;196;46,43;0,1565;1,105;;;;;;;;;;;;;;;;;Só 2016
204;82;ESCOLA MUNICIPAL OSVALDO CRUZ;RUA OCUÍ, 321;86;166;51,81;0,1479;1,233;;;;;;;;;;;;;;;;;Só 2016
204;83;ESCOLA MUNICIPAL IRIO MANGANELLI (CAIC);AVENIDA POMPEU DE TOLEDO, 773;79;187;42,25;0,1358;1,006;;;;;;;;;;;;;;;;;Só 2016
204;84;COLEGIO ESTADUAL TANCREDO DE ALMEIDA NEVES;RUA JOSE CARLOS PACE, 1866;104;222;46,85;0,1788;1,115;;;;;;;;;;;;;;;;;Só 2016
204;85;COLEGIO IGUACU EDUCACAO INFANTIL, ENSINO FUNDAMENTAL E PROFISSIONAL;TRAVESSA RIO NEGRO, 19;120;257;46,69;0,2063;1,111;;;;;;;;;;;;;;;;;Só 2016
204;86;COLEGIO ESTADUAL ULYSSES GUIMARAES;RUA BARTOLOMEU DE GUSMAO, 3535;116;235;49,36;0,1994;1,175;;;;;;;;;;;;;;;;;Só 2016
204;88;ESCOLA MUNICIPAL IRIO MANGANELLI (CAIC);AVENIDA POMPEU DE TOLEDO, 773;148;281;52,67;0,2545;1,254;;;;;;;;;;;;;;;;;Só 2016
204;89;COLEGIO IGUACU EDUCACAO INFANTIL, ENSINO FUNDAMENTAL E PROFISSIONAL;TRAVESSA RIO NEGRO, 19;86;200;43,00;0,1479;1,023;;;;;;;;;;;;;;;;;Só 2016
204;90;COLEGIO ESTADUAL ULYSSES GUIMARAES;RUA BARTOLOMEU DE GUSMAO, 3535;133;253;52,57;0,2287;1,251;;;;;;;;;;;;;;;;;Só 2016
204;91;COLEGIO ESTADUAL TANCREDO DE ALMEIDA NEVES;RUA JOSE CARLOS PACE, 1866;98;199;49,25;0,1685;1,172;;;;;;;;;;;;;;;;;Só 2016
204;92;COLÉGIO ESTADUAL JORGE SCHIMMELPFENG;AVENIDA POR DO SOL, 1855;126;263;47,91;0,2166;1,140;;;;;;;;;;;;;;;;;Só 2016
204;93;COLEGIO ESTADUAL DOM PEDRO II;RUA BELFORT DUART, 1660;142;285;49,82;0,2441;1,186;;;;;;;;;;;;;;;;;Só 2016
204;94;COLEGIO ESTADUAL DOM PEDRO II;RUA BELFORT DUART, 1660;158;284;55,63;0,2717;1,324;;;;;;;;;;;;;;;;;Só 2016
204;95;COLEGIO ESTADUAL ULYSSES GUIMARAES;RUA BARTOLOMEU DE GUSMAO, 3535;87;158;55,06;0,1496;1,311;;;;;;;;;;;;;;;;;Só 2016
204;96;ESCOLA MUNICIPAL IRIO MANGANELLI (CAIC);AVENIDA POMPEU DE TOLEDO, 773;118;277;42,60;0,2029;1,014;;;;;;;;;;;;;;;;;Só 2016
204;97;COLEGIO ESTADUAL TANCREDO DE ALMEIDA NEVES;RUA JOSE CARLOS PACE, 1866;124;281;44,13;0,2132;1,050;;;;;;;;;;;;;;;;;Só 2016
204;98;COLEGIO ESTADUAL DOM PEDRO II;RUA BELFORT DUART, 1660;148;282;52,48;0,2545;1,249;;;;;;;;;;;;;;;;;Só 2016
204;99;COLEGIO ESTADUAL ULYSSES GUIMARAES;RUA BARTOLOMEU DE GUSMAO, 3535;129;252;51,19;0,2218;1,218;;;;;;;;;;;;;;;;;Só 2016
204;100;COLÉGIO ESTADUAL JORGE SCHIMMELPFENG;AVENIDA POR DO SOL, 1855;109;247;44,13;0,1874;1,050;;;;;;;;;;;;;;;;;Só 2016
204;101;COLEGIO IGUACU EDUCACAO INFANTIL, ENSINO FUNDAMENTAL E PROFISSIONAL;TRAVESSA RIO NEGRO, 19;139;283;49,12;0,2390;1,169;;;;;;;;;;;;;;;;;Só 2016
204;102;COLEGIO ESTADUAL TANCREDO DE ALMEIDA NEVES;RUA JOSE CARLOS PACE, 1866;136;289;47,06;0,2338;1,120;;;;;;;;;;;;;;;;;Só 2016
204;103;COLEGIO ESTADUAL ULYSSES GUIMARAES;RUA BARTOLOMEU DE GUSMAO, 3535;125;254;49,21;0,2149;1,171;;;;;;;;;;;;;;;;;Só 2016
204;104;ESCOLA MUNICIPAL IRIO MANGANELLI (CAIC);AVENIDA POMPEU DE TOLEDO, 773;138;281;49,11;0,2373;1,169;;;;;;;;;;;;;;;;;Só 2016
204;105;COLÉGIO ESTADUAL JORGE SCHIMMELPFENG;AVENIDA POR DO SOL, 1855;107;265;40,38;0,1840;0,961;;;;;;;;;;;;;;;;;Só 2016
204;106;COLEGIO ESTADUAL DOM PEDRO II;RUA BELFORT DUART, 1660;146;281;51,96;0,2510;1,237;;;;;;;;;;;;;;;;;Só 2016
204;107;ESCOLA MUNICIPAL AUGUSTO WERNER;RUA ATALAIA, 190;113;283;39,93;0,1943;0,950;;;;;;;;;;;;;;;;;Só 2016
204;108;COLÉGIO ESTADUAL JORGE SCHIMMELPFENG;AVENIDA POR DO SOL, 1855;125;263;47,53;0,2149;1,131;;;;;;;;;;;;;;;;;Só 2016
204;109;ESCOLA MUNICIPAL ERICO VERISSIMO;RUA  JORGE SANWAIS, 4375;135;257;52,53;0,2321;1,250;;;;;;;;;;;;;;;;;Só 2016
204;110;COLEGIO ESTADUAL TANCREDO DE ALMEIDA NEVES;RUA JOSE CARLOS PACE, 1866;139;284;48,94;0,2390;1,165;;;;;;;;;;;;;;;;;Só 2016
204;111;COLEGIO ESTADUAL ULYSSES GUIMARAES;RUA BARTOLOMEU DE GUSMAO, 3535;84;166;50,60;0,1444;1,204;;;;;;;;;;;;;;;;;Só 2016
204;112;ESCOLA MUNICIPAL FREDERICO ENGEL;AVENIDA AYRTON SENA, 41;145;297;48,82;0,2493;1,162;;;;;;;;;;;;;;;;;Só 2016
204;113;COLEGIO ESTADUAL DOM PEDRO II;RUA BELFORT DUART, 1660;120;281;42,70;0,2063;1,016;;;;;;;;;;;;;;;;;Só 2016
204;114;ESCOLA MUNICIPAL IRIO MANGANELLI (CAIC);AVENIDA POMPEU DE TOLEDO, 773;133;275;48,36;0,2287;1,151;;;;;;;;;;;;;;;;;Só 2016
204;115;COLÉGIO ESTADUAL JORGE SCHIMMELPFENG;AVENIDA POR DO SOL, 1855;105;210;50,00;0,1805;1,190;;;;;;;;;;;;;;;;;Só 2016
204;116;ESCOLA MUNICIPAL OSVALDO CRUZ;RUA OCUÍ, 321;109;231;47,19;0,1874;1,123;;;;;;;;;;;;;;;;;Só 2016
204;117;COLEGIO ESTADUAL TANCREDO DE ALMEIDA NEVES;RUA JOSE CARLOS PACE, 1866;139;268;51,87;0,2390;1,234;;;;;;;;;;;;;;;;;Só 2016
204;118;COLEGIO ESTADUAL ULYSSES GUIMARAES;RUA BARTOLOMEU DE GUSMAO, 3535;131;259;50,58;0,2252;1,204;;;;;;;;;;;;;;;;;Só 2016
204;119;COLÉGIO ESTADUAL JORGE SCHIMMELPFENG;AVENIDA POR DO SOL, 1855;93;208;44,71;0,1599;1,064;;;;;;;;;;;;;;;;;Só 2016
204;120;COLEGIO ESTADUAL TANCREDO DE ALMEIDA NEVES;RUA JOSE CARLOS PACE, 1866;132;278;47,48;0,2269;1,130;;;;;;;;;;;;;;;;;Só 2016
204;121;COLEGIO ESTADUAL DOM PEDRO II;RUA BELFORT DUART, 1660;134;291;46,05;0,2304;1,096;;;;;;;;;;;;;;;;;Só 2016
204;122;ESCOLA MUNICIPAL IRIO MANGANELLI (CAIC);AVENIDA POMPEU DE TOLEDO, 773;117;271;43,17;0,2012;1,028;;;;;;;;;;;;;;;;;Só 2016
204;123;ESCOLA MUNICIPAL ERICO VERISSIMO;RUA  JORGE SANWAIS, 4375;114;260;43,85;0,1960;1,044;;;;;;;;;;;;;;;;;Só 2016
204;124;ESCOLA MUNICIPAL CARLOS GOMES;ALAMEDA PONTAL, 148;73;154;47,40;0,1255;1,128;;;;;;;;;;;;;;;;;Só 2016
204;125;COLEGIO ESTADUAL TANCREDO DE ALMEIDA NEVES;RUA JOSE CARLOS PACE, 1866;131;268;48,88;0,2252;1,163;;;;;;;;;;;;;;;;;Só 2016
204;126;COLEGIO ESTADUAL ULYSSES GUIMARAES;RUA BARTOLOMEU DE GUSMAO, 3535;129;245;52,65;0,2218;1,253;;;;;;;;;;;;;;;;;Só 2016
204;127;COLÉGIO ESTADUAL JORGE SCHIMMELPFENG;AVENIDA POR DO SOL, 1855;87;187;46,52;0,1496;1,107;;;;;;;;;;;;;;;;;Só 2016
204;128;COLEGIO ESTADUAL DOM PEDRO II;RUA BELFORT DUART, 1660;113;215;52,56;0,1943;1,251;;;;;;;;;;;;;;;;;Só 2016
204;129;COLEGIO ESTADUAL TANCREDO DE ALMEIDA NEVES;RUA JOSE CARLOS PACE, 1866;116;265;43,77;0,1994;1,042;;;;;;;;;;;;;;;;;Só 2016
204;130;COLEGIO ESTADUAL PIONEIROS;RUA PAULO SHERTNER, S/N;112;269;41,64;0,1926;0,991;;;;;;;;;;;;;;;;;Só 2016
204;131;COLÉGIO ESTADUAL JORGE SCHIMMELPFENG;AVENIDA POR DO SOL, 1855;126;269;46,84;0,2166;1,115;;;;;;;;;;;;;;;;;Só 2016
204;132;COLÉGIO ESTADUAL JORGE SCHIMMELPFENG;AVENIDA POR DO SOL, 1855;131;259;50,58;0,2252;1,204;;;;;;;;;;;;;;;;;Só 2016
204;133;ESCOLA MUNICIPAL FREDERICO ENGEL;AVENIDA AYRTON SENA, 41;125;296;42,23;0,2149;1,005;;;;;;;;;;;;;;;;;Só 2016
204;134;COLEGIO ESTADUAL DOM PEDRO II;RUA BELFORT DUART, 1660;107;219;48,86;0,1840;1,163;;;;;;;;;;;;;;;;;Só 2016
204;135;COLEGIO ESTADUAL TANCREDO DE ALMEIDA NEVES;RUA JOSE CARLOS PACE, 1866;117;264;44,32;0,2012;1,055;;;;;;;;;;;;;;;;;Só 2016
204;136;COLEGIO ESTADUAL ULYSSES GUIMARAES;RUA BARTOLOMEU DE GUSMAO, 3535;122;249;49,00;0,2098;1,166;;;;;;;;;;;;;;;;;Só 2016
204;137;COLÉGIO ESTADUAL JORGE SCHIMMELPFENG;AVENIDA POR DO SOL, 1855;121;253;47,83;0,2080;1,138;;;;;;;;;;;;;;;;;Só 2016
204;138;COLEGIO ESTADUAL PIONEIROS;RUA PAULO SHERTNER, S/N;83;193;43,01;0,1427;1,024;;;;;;;;;;;;;;;;;Só 2016
204;139;ESCOLA MUNICIPAL AUGUSTO WERNER;RUA ATALAIA, 190;98;286;34,27;0,1685;0,816;;;;;;;;;;;;;;;;;Só 2016
204;140;COLEGIO ESTADUAL PIONEIROS;RUA PAULO SHERTNER, S/N;120;275;43,64;0,2063;1,039;;;;;;;;;;;;;;;;;Só 2016
204;141;ESCOLA MUNICIPAL ERICO VERISSIMO;RUA  JORGE SANWAIS, 4375;115;246;46,75;0,1977;1,113;;;;;;;;;;;;;;;;;Só 2016
204;142;COLEGIO ESTADUAL TANCREDO DE ALMEIDA NEVES;RUA JOSE CARLOS PACE, 1866;120;264;45,45;0,2063;1,082;;;;;;;;;;;;;;;;;Só 2016
204;143;COLEGIO ESTADUAL ULYSSES GUIMARAES;RUA BARTOLOMEU DE GUSMAO, 3535;113;253;44,66;0,1943;1,063;;;;;;;;;;;;;;;;;Só 2016
204;144;COLÉGIO ESTADUAL JORGE SCHIMMELPFENG;AVENIDA POR DO SOL, 1855;120;252;47,62;0,2063;1,133;;;;;;;;;;;;;;;;;Só 2016
204;145;ESCOLA MUNICIPAL OSVALDO CRUZ;RUA OCUÍ, 321;73;149;48,99;0,1255;1,166;;;;;;;;;;;;;;;;;Só 2016
204;146;ESCOLA MUNICIPAL FREDERICO ENGEL;AVENIDA AYRTON SENA, 41;97;236;41,10;0,1668;0,978;;;;;;;;;;;;;;;;;Só 2016
204;147;COLÉGIO ESTADUAL JORGE SCHIMMELPFENG;AVENIDA POR DO SOL, 1855;159;330;48,18;0,2734;1,147;;;;;;;;;;;;;;;;;Só 2016
204;148;COLEGIO ESTADUAL ULYSSES GUIMARAES;RUA BARTOLOMEU DE GUSMAO, 3535;176;339;51,92;0,3026;1,236;;;;;;;;;;;;;;;;;Só 2016
204;149;COLEGIO ESTADUAL TANCREDO DE ALMEIDA NEVES;RUA JOSE CARLOS PACE, 1866;166;347;47,84;0,2854;1,139;;;;;;;;;;;;;;;;;Só 2016
204;150;ESCOLA MUNICIPAL FREDERICO ENGEL;AVENIDA AYRTON SENA, 41;164;353;46,46;0,2820;1,106;;;;;;;;;;;;;;;;;Só 2016
204;151;ESCOLA MUNICIPAL ERICO VERISSIMO;RUA  JORGE SANWAIS, 4375;166;343;48,40;0,2854;1,152;;;;;;;;;;;;;;;;;Só 2016
204;152;COLÉGIO ESTADUAL JORGE SCHIMMELPFENG;AVENIDA POR DO SOL, 1855;127;339;37,46;0,2184;0,892;;;;;;;;;;;;;;;;;Só 2016
204;153;ESCOLA MUNICIPAL AUGUSTO WERNER;RUA ATALAIA, 190;144;345;41,74;0,2476;0,993;;;;;;;;;;;;;;;;;Só 2016
204;154;ESCOLA MUNICIPAL IRIO MANGANELLI (CAIC);AVENIDA POMPEU DE TOLEDO, 773;174;335;51,94;0,2992;1,236;;;;;;;;;;;;;;;;;Só 2016
204;155;COLEGIO ESTADUAL PIONEIROS;RUA PAULO SHERTNER, S/N;142;327;43,43;0,2441;1,034;;;;;;;;;;;;;;;;;Só 2016
204;156;COLEGIO ESTADUAL ULYSSES GUIMARAES;RUA BARTOLOMEU DE GUSMAO, 3535;168;343;48,98;0,2888;1,166;;;;;;;;;;;;;;;;;Só 2016
204;157;COLEGIO ESTADUAL TANCREDO DE ALMEIDA NEVES;RUA JOSE CARLOS PACE, 1866;157;323;48,61;0,2699;1,157;;;;;;;;;;;;;;;;;Só 2016
204;158;ESCOLA MUNICIPAL OSVALDO CRUZ;RUA OCUÍ, 321;119;242;49,17;0,2046;1,170;;;;;;;;;;;;;;;;;Só 2016
204;159;COLEGIO ESTADUAL ULYSSES GUIMARAES;RUA BARTOLOMEU DE GUSMAO, 3535;153;337;45,40;0,2631;1,081;;;;;;;;;;;;;;;;;Só 2016
204;160;ESCOLA MUNICIPAL ERICO VERISSIMO;RUA  JORGE SANWAIS, 4375;159;340;46,76;0,2734;1,113;;;;;;;;;;;;;;;;;Só 2016
204;161;COLEGIO ESTADUAL TANCREDO DE ALMEIDA NEVES;RUA JOSE CARLOS PACE, 1866;166;323;51,39;0,2854;1,223;;;;;;;;;;;;;;;;;Só 2016
204;164;ESCOLA MUNICIPAL ERICO VERISSIMO;RUA  JORGE SANWAIS, 4375;95;182;52,20;0,1633;1,242;;;;;;;;;;;;;;;;;Só 2016
204;165;COLEGIO ESTADUAL ULYSSES GUIMARAES;RUA BARTOLOMEU DE GUSMAO, 3535;95;246;38,62;0,1633;0,919;;;;;;;;;;;;;;;;;Só 2016
205;1;COLEGIO ESTADUAL BARAO DO RIO BRANCO;RUA SILVINO DAL BO, 85;130;300;43,33;0,2235;1,031;;;;;;;;;;;;;;;;;Só 2016
205;3;COLEGIO ESTADUAL BARAO DO RIO BRANCO;RUA SILVINO DAL BO, 85;135;266;50,75;0,2321;1,208;;;;;;;;;;;;;;;;;Só 2016
205;5;COLEGIO ESTADUAL BARAO DO RIO BRANCO;RUA SILVINO DAL BO, 85;145;308;47,08;0,2493;1,121;;;;;;;;;;;;;;;;;Só 2016
205;7;COLEGIO ESTADUAL BARAO DO RIO BRANCO;RUA SILVINO DAL BO, 85;133;301;44,19;0,2287;1,052;;;;;;;;;;;;;;;;;Só 2016
205;9;COLEGIO ESTADUAL BARAO DO RIO BRANCO;RUA SILVINO DAL BO, 85;147;317;46,37;0,2527;1,104;;;;;;;;;;;;;;;;;Só 2016
205;11;COLEGIO ESTADUAL BARAO DO RIO BRANCO;RUA SILVINO DAL BO, 85;124;262;47,33;0,2132;1,126;;;;;;;;;;;;;;;;;Só 2016
205;12;ESCOLA MUNICIPAL JOAO DA COSTA VIANNA;AV JOAO RICIERI MARAN, 388;93;226;41,15;0,1599;0,979;;;;;;;;;;;;;;;;;Só 2016
205;13;ESCOLA MUNICIPAL JOAO DA COSTA VIANNA;AV JOAO RICIERI MARAN, 388;92;191;48,17;0,1582;1,146;;;;;;;;;;;;;;;;;Só 2016
205;14;ESCOLA MUNICIPAL JOAO DA COSTA VIANNA;AV JOAO RICIERI MARAN, 388;95;227;41,85;0,1633;0,996;;;;;;;;;;;;;;;;;Só 2016
205;15;ESCOLA MUNICIPAL JOAO DA COSTA VIANNA;AV JOAO RICIERI MARAN, 388;98;220;44,55;0,1685;1,060;;;;;;;;;;;;;;;;;Só 2016
205;16;ESCOLA MUNICIPAL JOAO DA COSTA VIANNA;AV JOAO RICIERI MARAN, 388;96;226;42,48;0,1651;1,011;;;;;;;;;;;;;;;;;Só 2016
205;17;ESCOLA MUNICIPAL JOAO DA COSTA VIANNA;AV JOAO RICIERI MARAN, 388;84;222;37,84;0,1444;0,901;;;;;;;;;;;;;;;;;Só 2016
205;18;ESCOLA MUNICIPAL JOAO DA COSTA VIANNA;AV JOAO RICIERI MARAN, 388;88;221;39,82;0,1513;0,948;;;;;;;;;;;;;;;;;Só 2016
205;19;ESCOLA MUNICIPAL JOAO DA COSTA VIANNA;AV JOAO RICIERI MARAN, 388;91;219;41,55;0,1565;0,989;;;;;;;;;;;;;;;;;Só 2016
205;20;ESCOLA MUNICIPAL JOAO DA COSTA VIANNA;AV JOAO RICIERI MARAN, 388;88;222;39,64;0,1513;0,943;;;;;;;;;;;;;;;;;Só 2016
205;21;ESCOLA MUNICIPAL JOAO DA COSTA VIANNA;AV JOAO RICIERI MARAN, 388;96;225;42,67;0,1651;1,016;;;;;;;;;;;;;;;;;Só 2016
205;22;ESCOLA MUNICIPAL JOAO DA COSTA VIANNA;AV JOAO RICIERI MARAN, 388;103;219;47,03;0,1771;1,119;;;;;;;;;;;;;;;;;Só 2016
205;23;ESCOLA MUNICIPAL JOAO DA COSTA VIANNA;AV JOAO RICIERI MARAN, 388;106;225;47,11;0,1822;1,121;;;;;;;;;;;;;;;;;Só 2016
205;24;ESCOLA MUNICIPAL JOAO DA COSTA VIANNA;AV JOAO RICIERI MARAN, 388;94;224;41,96;0,1616;0,999;;;;;;;;;;;;;;;;;Só 2016
205;25;ESCOLA MUNICIPAL JOAO DA COSTA VIANNA;AV JOAO RICIERI MARAN, 388;93;224;41,52;0,1599;0,988;;;;;;;;;;;;;;;;;Só 2016
205;26;ESCOLA MUNICIPAL DR DIRCEU LOPES;RUA DAS ÁGUIAS, 185;106;242;43,80;0,1822;1,043;;;;;;;;;;;;;;;;;Só 2016
205;28;ESCOLA MUNICIPAL DR DIRCEU LOPES;RUA DAS ÁGUIAS, 185;106;252;42,06;0,1822;1,001;;;;;;;;;;;;;;;;;Só 2016
205;32;ESCOLA MUNICIPAL DR DIRCEU LOPES;RUA DAS ÁGUIAS, 185;102;270;37,78;0,1754;0,899;;;;;;;;;;;;;;;;;Só 2016
205;33;ESCOLA MUNICIPAL JOAO DA COSTA VIANNA;AV JOAO RICIERI MARAN, 388;91;238;38,24;0,1565;0,910;;;;;;;;;;;;;;;;;Só 2016
205;34;ESCOLA MUNICIPAL JOAO DA COSTA VIANNA;AV JOAO RICIERI MARAN, 388;62;153;40,52;0,1066;0,965;;;;;;;;;;;;;;;;;Só 2016
205;36;ESCOLA MUNICIPAL JOAO ADAO DA SILVA;RUA JULIO BRECHER, 450 - LOTEAMENTO LAGOA DOURADA;122;306;39,87;0,2098;0,949;;;;;;;;;;;;;;;;;Só 2016
205;37;ESCOLA MUNICIPAL JOAO ADAO DA SILVA;RUA JULIO BRECHER, 450 - LOTEAMENTO LAGOA DOURADA;107;260;41,15;0,1840;0,980;;;;;;;;;;;;;;;;;Só 2016
205;38;ESCOLA MUNICIPAL CORA CORALINA;RUA PACAEMBU, 2280;120;272;44,12;0,2063;1,050;;;;;;;;;;;;;;;;;Só 2016
205;39;ESCOLA MUNICIPAL CORA CORALINA;RUA PACAEMBU, 2280;110;247;44,53;0,1891;1,060;;;;;;;;;;;;;;;;;Só 2016
205;40;ESCOLA MUNICIPAL CORA CORALINA;RUA PACAEMBU, 2280;127;269;47,21;0,2184;1,124;;;;;;;;;;;;;;;;;Só 2016
205;41;ESCOLA MUNICIPAL CORA CORALINA;RUA PACAEMBU, 2280;132;252;52,38;0,2269;1,247;;;;;;;;;;;;;;;;;Só 2016
205;42;ESCOLA MUNICIPAL CORA CORALINA;RUA PACAEMBU, 2280;133;270;49,26;0,2287;1,172;;;;;;;;;;;;;;;;;Só 2016
205;43;COLEGIO INTERATIVA FOZ DO IGUAÇU;RUA IPATINGA, 269;160;315;50,79;0,2751;1,209;;;;;;;;;;;;;;;;;Só 2016
205;44;COLEGIO INTERATIVA FOZ DO IGUAÇU;RUA IPATINGA, 269;155;321;48,29;0,2665;1,149;;;;;;;;;;;;;;;;;Só 2016
205;45;COLEGIO INTERATIVA FOZ DO IGUAÇU;RUA IPATINGA, 269;160;313;51,12;0,2751;1,217;;;;;;;;;;;;;;;;;Só 2016
205;82;COLEGIO INTERATIVA FOZ DO IGUAÇU;RUA IPATINGA, 269;95;198;47,98;0,1633;1,142;;;;;;;;;;;;;;;;;Só 2016
205;85;ESCOLA MUNICIPAL JOAO DA COSTA VIANNA;AV JOAO RICIERI MARAN, 388;105;226;46,46;0,1805;1,106;;;;;;;;;;;;;;;;;Só 2016
205;91;ESCOLA MUNICIPAL JOAO ADAO DA SILVA;RUA JULIO BRECHER, 450 - LOTEAMENTO LAGOA DOURADA;104;253;41,11;0,1788;0,978;;;;;;;;;;;;;;;;;Só 2016
205;93;ESCOLA MUNICIPAL JOAO ADAO DA SILVA;RUA JULIO BRECHER, 450 - LOTEAMENTO LAGOA DOURADA;120;260;46,15;0,2063;1,099;;;;;;;;;;;;;;;;;Só 2016
205;94;COLEGIO ESTADUAL BARAO DO RIO BRANCO;RUA SILVINO DAL BO, 85;105;241;43,57;0,1805;1,037;;;;;;;;;;;;;;;;;Só 2016
205;95;COLEGIO ESTADUAL SOL DE MAIO;RUA PEDRO FRANCISCO KERU, 120;107;261;41,00;0,1840;0,976;;;;;;;;;;;;;;;;;Só 2016
205;96;ESCOLA MUNICIPAL CORA CORALINA;RUA PACAEMBU, 2280;118;260;45,38;0,2029;1,080;;;;;;;;;;;;;;;;;Só 2016
205;99;COLEGIO INTERATIVA FOZ DO IGUAÇU;RUA IPATINGA, 269;178;338;52,66;0,3060;1,253;;;;;;;;;;;;;;;;;Só 2016
205;100;ESCOLA MUNICIPAL DR DIRCEU LOPES;RUA DAS ÁGUIAS, 185;118;249;47,39;0,2029;1,128;;;;;;;;;;;;;;;;;Só 2016
205;101;ESCOLA MUNICIPAL JOAO DA COSTA VIANNA;AV JOAO RICIERI MARAN, 388;109;235;46,38;0,1874;1,104;;;;;;;;;;;;;;;;;Só 2016
205;102;ESCOLA MUNICIPAL CORA CORALINA;RUA PACAEMBU, 2280;130;264;49,24;0,2235;1,172;;;;;;;;;;;;;;;;;Só 2016
205;103;COLEGIO ESTADUAL DR ARNALDO BUSATO;RUA ARAUCARIA, 7510;133;255;52,16;0,2287;1,241;;;;;;;;;;;;;;;;;Só 2016
205;104;COLEGIO ESTADUAL DR ARNALDO BUSATO;RUA ARAUCARIA, 7510;127;264;48,11;0,2184;1,145;;;;;;;;;;;;;;;;;Só 2016
205;106;COLEGIO ESTADUAL DR ARNALDO BUSATO;RUA ARAUCARIA, 7510;108;249;43,37;0,1857;1,032;;;;;;;;;;;;;;;;;Só 2016
205;107;ESCOLA MUNICIPAL CORA CORALINA;RUA PACAEMBU, 2280;110;248;44,35;0,1891;1,056;;;;;;;;;;;;;;;;;Só 2016
205;109;ESCOLA MUNICIPAL JOAO ADAO DA SILVA;RUA JULIO BRECHER, 450 - LOTEAMENTO LAGOA DOURADA;99;260;38,08;0,1702;0,906;;;;;;;;;;;;;;;;;Só 2016
205;110;ESCOLA MUNICIPAL DR DIRCEU LOPES;RUA DAS ÁGUIAS, 185;46;124;37,10;0,0791;0,883;;;;;;;;;;;;;;;;;Só 2016
205;111;COLÉGIO ESTADUAL CATARATAS DO IGUAÇU;RUA HENRIQUE BERNADELLI, 300;146;264;55,30;0,2510;1,316;;;;;;;;;;;;;;;;;Só 2016
205;112;ESCOLA MUNICIPAL JOAO DA COSTA VIANNA;AV JOAO RICIERI MARAN, 388;89;236;37,71;0,1530;0,898;;;;;;;;;;;;;;;;;Só 2016
205;113;ESCOLA MUNICIPAL JOAO DA COSTA VIANNA;AV JOAO RICIERI MARAN, 388;101;266;37,97;0,1736;0,904;;;;;;;;;;;;;;;;;Só 2016
205;114;COLEGIO ESTADUAL DR ARNALDO BUSATO;RUA ARAUCARIA, 7510;121;266;45,49;0,2080;1,083;;;;;;;;;;;;;;;;;Só 2016
205;115;COLEGIO ESTADUAL ALMIRO SARTORI;RUA POMBAS, 440;73;198;36,87;0,1255;0,878;;;;;;;;;;;;;;;;;Só 2016
205;116;COLEGIO ESTADUAL CARLOS DRUMOND DE ANDRADE;RUA CLAUDIO COUTINHO, 2020;136;263;51,71;0,2338;1,231;;;;;;;;;;;;;;;;;Só 2016
205;117;COLEGIO ESTADUAL DR ARNALDO BUSATO;RUA ARAUCARIA, 7510;115;249;46,18;0,1977;1,099;;;;;;;;;;;;;;;;;Só 2016
205;118;COLEGIO ESTADUAL SOL DE MAIO;RUA PEDRO FRANCISCO KERU, 120;80;187;42,78;0,1375;1,018;;;;;;;;;;;;;;;;;Só 2016
205;121;COLEGIO ESTADUAL BARAO DO RIO BRANCO;RUA SILVINO DAL BO, 85;153;300;51,00;0,2631;1,214;;;;;;;;;;;;;;;;;Só 2016
205;122;COLEGIO ESTADUAL CARLOS DRUMOND DE ANDRADE;RUA CLAUDIO COUTINHO, 2020;124;240;51,67;0,2132;1,230;;;;;;;;;;;;;;;;;Só 2016
205;123;COLEGIO ESTADUAL ALMIRO SARTORI;RUA POMBAS, 440;116;253;45,85;0,1994;1,091;;;;;;;;;;;;;;;;;Só 2016
205;125;COLEGIO ESTADUAL DR ARNALDO BUSATO;RUA ARAUCARIA, 7510;112;241;46,47;0,1926;1,106;;;;;;;;;;;;;;;;;Só 2016
205;127;COLÉGIO ESTADUAL CATARATAS DO IGUAÇU;RUA HENRIQUE BERNADELLI, 300;105;259;40,54;0,1805;0,965;;;;;;;;;;;;;;;;;Só 2016
205;128;COLEGIO ESTADUAL DR ARNALDO BUSATO;RUA ARAUCARIA, 7510;95;242;39,26;0,1633;0,934;;;;;;;;;;;;;;;;;Só 2016
205;129;COLEGIO ESTADUAL CARLOS DRUMOND DE ANDRADE;RUA CLAUDIO COUTINHO, 2020;86;169;50,89;0,1479;1,211;;;;;;;;;;;;;;;;;Só 2016
205;130;COLEGIO ESTADUAL ALMIRO SARTORI;RUA POMBAS, 440;115;253;45,45;0,1977;1,082;;;;;;;;;;;;;;;;;Só 2016
205;131;COLEGIO ESTADUAL DR ARNALDO BUSATO;RUA ARAUCARIA, 7510;122;255;47,84;0,2098;1,139;;;;;;;;;;;;;;;;;Só 2016
205;132;ESCOLA MUNICIPAL JOAO ADAO DA SILVA;RUA JULIO BRECHER, 450 - LOTEAMENTO LAGOA DOURADA;89;254;35,04;0,1530;0,834;;;;;;;;;;;;;;;;;Só 2016
205;134;COLEGIO ESTADUAL DR ARNALDO BUSATO;RUA ARAUCARIA, 7510;107;261;41,00;0,1840;0,976;;;;;;;;;;;;;;;;;Só 2016
205;135;COLÉGIO ESTADUAL CATARATAS DO IGUAÇU;RUA HENRIQUE BERNADELLI, 300;132;272;48,53;0,2269;1,155;;;;;;;;;;;;;;;;;Só 2016
205;136;COLEGIO ESTADUAL CARLOS DRUMOND DE ANDRADE;RUA CLAUDIO COUTINHO, 2020;110;241;45,64;0,1891;1,086;;;;;;;;;;;;;;;;;Só 2016
205;138;COLEGIO ESTADUAL SOL DE MAIO;RUA PEDRO FRANCISCO KERU, 120;113;259;43,63;0,1943;1,038;;;;;;;;;;;;;;;;;Só 2016
205;139;COLEGIO ESTADUAL ALMIRO SARTORI;RUA POMBAS, 440;102;246;41,46;0,1754;0,987;;;;;;;;;;;;;;;;;Só 2016
205;141;COLEGIO ESTADUAL BARAO DO RIO BRANCO;RUA SILVINO DAL BO, 85;112;287;39,02;0,1926;0,929;;;;;;;;;;;;;;;;;Só 2016
205;143;COLEGIO ESTADUAL DR ARNALDO BUSATO;RUA ARAUCARIA, 7510;102;241;42,32;0,1754;1,007;;;;;;;;;;;;;;;;;Só 2016
205;147;ESCOLA MUNICIPAL DR DIRCEU LOPES;RUA DAS ÁGUIAS, 185;70;179;39,11;0,1204;0,931;;;;;;;;;;;;;;;;;Só 2016
205;148;ESCOLA MUNICIPAL JOAO ADAO DA SILVA;RUA JULIO BRECHER, 450 - LOTEAMENTO LAGOA DOURADA;120;278;43,17;0,2063;1,027;;;;;;;;;;;;;;;;;Só 2016
205;149;COLEGIO ESTADUAL DR ARNALDO BUSATO;RUA ARAUCARIA, 7510;112;252;44,44;0,1926;1,058;;;;;;;;;;;;;;;;;Só 2016
205;150;COLEGIO ESTADUAL ALMIRO SARTORI;RUA POMBAS, 440;85;223;38,12;0,1461;0,907;;;;;;;;;;;;;;;;;Só 2016
205;151;COLÉGIO ESTADUAL CATARATAS DO IGUAÇU;RUA HENRIQUE BERNADELLI, 300;71;201;35,32;0,1221;0,841;;;;;;;;;;;;;;;;;Só 2016
205;153;COLEGIO ESTADUAL DR ARNALDO BUSATO;RUA ARAUCARIA, 7510;97;250;38,80;0,1668;0,923;;;;;;;;;;;;;;;;;Só 2016
205;154;COLEGIO ESTADUAL CARLOS DRUMOND DE ANDRADE;RUA CLAUDIO COUTINHO, 2020;109;250;43,60;0,1874;1,038;;;;;;;;;;;;;;;;;Só 2016
205;156;COLEGIO ESTADUAL SOL DE MAIO;RUA PEDRO FRANCISCO KERU, 120;114;277;41,16;0,1960;0,980;;;;;;;;;;;;;;;;;Só 2016
205;158;COLEGIO ESTADUAL ALMIRO SARTORI;RUA POMBAS, 440;84;253;33,20;0,1444;0,790;;;;;;;;;;;;;;;;;Só 2016
205;159;COLEGIO ESTADUAL SOL DE MAIO;RUA PEDRO FRANCISCO KERU, 120;80;186;43,01;0,1375;1,024;;;;;;;;;;;;;;;;;Só 2016
205;160;COLEGIO ESTADUAL DR ARNALDO BUSATO;RUA ARAUCARIA, 7510;126;313;40,26;0,2166;0,958;;;;;;;;;;;;;;;;;Só 2016
205;163;COLEGIO ESTADUAL CARLOS DRUMOND DE ANDRADE;RUA CLAUDIO COUTINHO, 2020;138;316;43,67;0,2373;1,039;;;;;;;;;;;;;;;;;Só 2016
205;165;COLÉGIO ESTADUAL CATARATAS DO IGUAÇU;RUA HENRIQUE BERNADELLI, 300;140;272;51,47;0,2407;1,225;;;;;;;;;;;;;;;;;Só 2016
205;166;COLEGIO ESTADUAL DR ARNALDO BUSATO;RUA ARAUCARIA, 7510;110;246;44,72;0,1891;1,064;;;;;;;;;;;;;;;;;Só 2016
205;169;COLÉGIO ESTADUAL CATARATAS DO IGUAÇU;RUA HENRIQUE BERNADELLI, 300;126;253;49,80;0,2166;1,185;;;;;;;;;;;;;;;;;Só 2016
205;171;COLEGIO ESTADUAL SOL DE MAIO;RUA PEDRO FRANCISCO KERU, 120;121;274;44,16;0,2080;1,051;;;;;;;;;;;;;;;;;Só 2016
205;172;COLEGIO ESTADUAL ALMIRO SARTORI;RUA POMBAS, 440;116;258;44,96;0,1994;1,070;;;;;;;;;;;;;;;;;Só 2016
205;174;COLÉGIO ESTADUAL CATARATAS DO IGUAÇU;RUA HENRIQUE BERNADELLI, 300;115;256;44,92;0,1977;1,069;;;;;;;;;;;;;;;;;Só 2016
205;176;COLEGIO ESTADUAL CARLOS DRUMOND DE ANDRADE;RUA CLAUDIO COUTINHO, 2020;111;246;45,12;0,1908;1,074;;;;;;;;;;;;;;;;;Só 2016
205;177;COLEGIO ESTADUAL DR ARNALDO BUSATO;RUA ARAUCARIA, 7510;101;245;41,22;0,1736;0,981;;;;;;;;;;;;;;;;;Só 2016
205;179;COLEGIO ESTADUAL SOL DE MAIO;RUA PEDRO FRANCISCO KERU, 120;112;253;44,27;0,1926;1,054;;;;;;;;;;;;;;;;;Só 2016
205;183;COLÉGIO ESTADUAL CATARATAS DO IGUAÇU;RUA HENRIQUE BERNADELLI, 300;134;302;44,37;0,2304;1,056;;;;;;;;;;;;;;;;;Só 2016
205;184;COLEGIO ESTADUAL ALMIRO SARTORI;RUA POMBAS, 440;108;303;35,64;0,1857;0,848;;;;;;;;;;;;;;;;;Só 2016
205;185;ESCOLA MUNICIPAL JOAO ADAO DA SILVA;RUA JULIO BRECHER, 450 - LOTEAMENTO LAGOA DOURADA;130;344;37,79;0,2235;0,899;;;;;;;;;;;;;;;;;Só 2016
205;186;COLEGIO ESTADUAL SOL DE MAIO;RUA PEDRO FRANCISCO KERU, 120;166;347;47,84;0,2854;1,139;;;;;;;;;;;;;;;;;Só 2016
205;187;COLÉGIO ESTADUAL CATARATAS DO IGUAÇU;RUA HENRIQUE BERNADELLI, 300;157;336;46,73;0,2699;1,112;;;;;;;;;;;;;;;;;Só 2016
205;188;COLEGIO ESTADUAL ALMIRO SARTORI;RUA POMBAS, 440;158;333;47,45;0,2717;1,129;;;;;;;;;;;;;;;;;Só 2016
205;189;ESCOLA MUNICIPAL CORA CORALINA;RUA PACAEMBU, 2280;174;336;51,79;0,2992;1,233;;;;;;;;;;;;;;;;;Só 2016
205;190;COLÉGIO ESTADUAL CATARATAS DO IGUAÇU;RUA HENRIQUE BERNADELLI, 300;156;320;48,75;0,2682;1,160;;;;;;;;;;;;;;;;;Só 2016
205;191;COLEGIO ESTADUAL CARLOS DRUMOND DE ANDRADE;RUA CLAUDIO COUTINHO, 2020;144;304;47,37;0,2476;1,127;;;;;;;;;;;;;;;;;Só 2016
205;192;COLEGIO ESTADUAL SOL DE MAIO;RUA PEDRO FRANCISCO KERU, 120;128;324;39,51;0,2201;0,940;;;;;;;;;;;;;;;;;Só 2016
205;193;ESCOLA MUNICIPAL JOAO ADAO DA SILVA;RUA JULIO BRECHER, 450 - LOTEAMENTO LAGOA DOURADA;120;319;37,62;0,2063;0,895;;;;;;;;;;;;;;;;;Só 2016
205;194;COLÉGIO ESTADUAL CATARATAS DO IGUAÇU;RUA HENRIQUE BERNADELLI, 300;136;327;41,59;0,2338;0,990;;;;;;;;;;;;;;;;;Só 2016
205;195;COLEGIO ESTADUAL ALMIRO SARTORI;RUA POMBAS, 440;127;313;40,58;0,2184;0,966;;;;;;;;;;;;;;;;;Só 2016
205;196;COLEGIO ESTADUAL DR ARNALDO BUSATO;RUA ARAUCARIA, 7510;102;234;43,59;0,1754;1,037;;;;;;;;;;;;;;;;;Só 2016
205;197;COLÉGIO ESTADUAL CATARATAS DO IGUAÇU;RUA HENRIQUE BERNADELLI, 300;56;132;42,42;0,0963;1,010;;;;;;;;;;;;;;;;;Só 2016
